epsilon,seed,round,F_t,P_t,deviation,forecasts
0,1,1,100.79430639137112,100.79430639137112,0.0,"[100, 100, 100, 100, 100]"
0,1,2,102.56679375089921,102.56679375089921,0.0,"[100.79430639137112, 100.79430639137112, 100.79430639137112, 100.79430639137112, 100.79430639137112]"
0,1,3,103.35017446479658,103.35017446479658,0.0,"[104.3392811104273, 102.12, 101.9, 104.3392811104273, 102.56679375089921]"
0,1,4,100.79208488531063,100.79208488531063,0.0,"[104.13355517869495, 102.85, 102.35, 103.7, 104.0]"
0,1,5,102.73644750591856,102.73644750591856,0.0,"[98.23, 101.35, 101.8, 98.23, 101.2]"
0,1,6,103.76144210422284,103.76144210422284,0.0,"[103.5, 102.39, 102.1, 104.6808, 102.2]"
0,1,7,102.7558076237336,102.7558076237336,0.0,"[104.8, 103.2, 102.45, 103.86, 103.1]"
0,1,8,104.06104891825456,104.06104891825456,0.0,"[102.2, 102.63, 102.45, 103.25, 102.4]"
0,1,9,104.92745259309471,104.92745259309471,0.0,"[104.5, 103.44, 102.75, 105.2, 104.2]"
0,1,10,105.65212248156105,105.65212248156105,0.0,"[105.6, 104.4, 102.95, 105.6, 105.5]"
0,1,11,105.81796202754815,105.81796202754815,0.0,"[106.4, 104.95, 103.4, 106.25, 106.2]"
0,1,12,107.08838678173285,107.08838678173285,0.0,"[106.3, 105.3, 103.6, 105.85, 106.1]"
0,1,13,105.62820795881078,105.62820795881078,0.0,"[107.95, 106.4, 103.9, 108.2, 107.8]"
0,1,14,105.38994757039683,105.38994757039683,0.0,"[106.2, 105.9, 104.1, 104.3, 106.1]"
0,1,15,104.48305145423976,104.48305145423976,0.0,"[105.15, 105.65, 104.1, 105.6, 105.6]"
0,1,16,105.8477557796195,105.8477557796195,0.0,"[103.6, 104.96, 104.1, 103.55, 104.1]"
0,1,17,106.0378639720986,106.0378639720986,0.0,"[106.3, 105.75, 104.3, 106.4, 105.9]"
0,1,18,105.52491673287437,105.52491673287437,0.0,"[106.3, 105.76, 104.4, 106.2, 106.3]"
0,1,19,103.9914759066535,103.9914759066535,0.0,"[105.1, 105.49, 104.41, 105.2, 105.6]"
0,1,20,103.56144297890188,103.56144297890188,0.0,"[103.2, 104.65, 104.2, 102.6, 104.3]"
0,1,21,103.6819387864623,103.6819387864623,0.0,"[102.9, 104.28, 104.1, 103.8, 103.2]"
0,1,22,103.21517368164648,103.21517368164648,0.0,"[103.45, 104.0, 104.1, 103.9, 103.8]"
0,1,23,106.02735748843239,106.02735748843239,0.0,"[102.8, 103.45, 104.05, 102.75, 103.1]"
0,1,24,108.29203836099185,108.29203836099185,0.0,"[106.6, 105.1, 104.35, 107.8, 105.8]"
0,1,25,102.67907907235086,102.67907907235086,0.0,"[110.5, 106.6, 104.6, 110.2, 108.5]"
0,1,26,98.97112314020644,98.97112314020644,0.0,"[101.5, 103.6, 104.18, 101.5, 103.8]"
0,1,27,98.72445436026383,98.72445436026383,0.0,"[95.3, 101.2, 103.9, 99.8, 98.2]"
0,1,28,97.99229685502732,97.99229685502732,0.0,"[97.8, 100.8, 103.7, 98.9, 98.4]"
0,1,29,98.51036115244918,98.51036115244918,0.0,"[97.2, 99.3, 103.3, 97.5, 98.1]"
0,1,30,99.03845119439917,99.03845119439917,0.0,"[98.2, 100.2, 103.4, 99.05, 98.7]"
0,1,31,103.42688580503518,103.42688580503518,0.0,"[99.5, 98.85, 102.8, 99.57, 99.4]"
0,1,32,101.25322228108585,101.25322228108585,0.0,"[104.5, 101.7, 103.4, 106.5, 103.0]"
0,1,33,100.59196969116998,100.59196969116998,0.0,"[100.5, 100.7, 103.1, 100.5, 100.8]"
0,1,34,104.89164474184255,104.89164474184255,0.0,"[99.8, 100.9, 103.1, 100.1, 100.2]"
0,1,35,106.36344144357369,106.36344144357369,0.0,"[106.5, 103.4, 103.5, 108.5, 104.2]"
0,1,36,107.89118682827358,107.89118682827358,0.0,"[107.5, 105.0, 103.6, 107.5, 106.5]"
0,1,37,106.8945743632761,106.8945743632761,0.0,"[109.4, 106.4, 103.8, 109.45, 108.6]"
0,1,38,103.53208441414066,103.53208441414066,0.0,"[107.5, 105.8, 103.9, 106.2, 106.5]"
0,1,39,103.983356625852,103.983356625852,0.0,"[101.35, 104.7, 103.58, 99.5, 103.8]"
0,1,40,104.31457940961906,104.31457940961906,0.0,"[104.43, 104.7, 103.65, 104.4, 104.2]"
0,2,1,100.47925151762907,100.47925151762907,0.0,"[100, 100, 100, 100, 100]"
0,2,2,99.5337004485136,99.5337004485136,0.0,"[100.47925151762907, 100.47925151762907, 100.47925151762907, 100.47925151762907, 100.47925151762907]"
0,2,3,98.81357695903948,98.81357695903948,0.0,"[98.58814937939813, 99.77, 99.96, 98.58814937939813, 98.5881]"
0,2,4,94.19863266785303,94.19863266785303,0.0,"[98.09, 99.21, 99.45, 98.3189, 98.1]"
0,2,5,97.74869163113075,97.74869163113075,0.0,"[89.58, 96.36, 98.0, 85.69, 93.4]"
0,2,6,100.11135649343154,100.11135649343154,0.0,"[101.3, 97.95, 98.1, 100.8, 97.4]"
0,2,7,99.56141347650819,99.56141347650819,0.0,"[102.5, 99.1, 98.7, 101.3, 99.8]"
0,2,8,101.21538858056931,101.21538858056931,0.0,"[99.01, 98.74, 98.8, 98.9, 99.3]"
0,2,9,101.8880865009274,101.8880865009274,0.0,"[102.0, 100.0, 99.1, 102.7, 100.7]"
0,2,10,100.86657087841965,100.86657087841965,0.0,"[102.8, 100.9, 99.4, 102.2, 102.4]"
0,2,11,102.96096255367249,102.96096255367249,0.0,"[100.3, 101.05, 99.6, 100.2, 101.1]"
0,2,12,102.42581506963579,102.42581506963579,0.0,"[103.5, 102.2, 99.9, 104.8, 102.4]"
0,2,13,101.85622937406664,101.85622937406664,0.0,"[102.9, 102.15, 100.1, 102.7, 102.6]"
0,2,14,100.35554877506388,100.35554877506388,0.0,"[101.3, 101.93, 100.3, 101.28, 101.9]"
0,2,15,101.37419071887888,101.37419071887888,0.0,"[99.4, 101.02, 100.16, 98.0, 99.5]"
0,2,16,101.2744915234286,101.2744915234286,0.0,"[100.9, 101.58, 100.3, 101.8, 101.6]"
0,2,17,102.48744903113526,102.48744903113526,0.0,"[101.0, 101.37, 100.35, 101.1, 101.3]"
0,2,18,101.35169820532278,101.35169820532278,0.0,"[103.2, 101.98, 100.5, 103.6, 102.7]"
0,2,19,101.71076881980727,101.71076881980727,0.0,"[100.8, 101.38, 100.55, 100.5, 101.5]"
0,2,20,100.01175255980364,100.01175255980364,0.0,"[102.0, 101.68, 100.6, 101.85, 101.7]"
0,2,21,101.81088300285855,101.81088300285855,0.0,"[99.3, 100.7, 100.4, 98.7, 100.3]"
0,2,22,102.29672981895945,102.29672981895945,0.0,"[102.2, 101.52, 100.7, 102.2, 101.3]"
0,2,23,103.07832395819347,103.07832395819347,0.0,"[102.7, 101.9, 100.75, 101.8, 101.9]"
0,2,24,104.03206867863764,104.03206867863764,0.0,"[103.8, 102.7, 100.85, 103.75, 103.2]"
0,2,25,102.05215991424461,102.05215991424461,0.0,"[104.8, 103.45, 100.95, 104.95, 104.6]"
0,2,26,103.76696607855433,103.76696607855433,0.0,"[101.2, 102.33, 101.1, 101.1, 102.6]"
0,2,27,108.2325042838555,108.2325042838555,0.0,"[104.5, 103.45, 101.2, 104.5, 103.6]"
0,2,28,104.8481256304665,104.8481256304665,0.0,"[109.5, 106.5, 101.5, 110.8, 106.8]"
0,2,29,101.38494930225067,101.38494930225067,0.0,"[103.5, 105.2, 101.6, 103.8, 105.2]"
0,2,30,98.4774928310764,98.4774928310764,0.0,"[98.0, 102.45, 101.43, 97.8, 101.2]"
0,2,31,100.24901099588598,100.24901099588598,0.0,"[95.0, 100.91, 101.1, 95.1, 99.4]"
0,2,32,100.60797349413312,100.60797349413312,0.0,"[101.0, 101.2, 101.2, 101.6, 100.8]"
0,2,33,102.90419016143444,102.90419016143444,0.0,"[101.2, 100.86, 101.2, 100.9, 100.8]"
0,2,34,104.50626065356566,104.50626065356566,0.0,"[104.2, 101.75, 101.5, 104.8, 102.9]"
0,2,35,105.052309983213,105.052309983213,0.0,"[105.5, 103.24, 101.7, 105.9, 104.8]"
0,2,36,105.75648916680834,105.75648916680834,0.0,"[106.0, 103.9, 101.7, 105.3, 105.4]"
0,2,37,105.50348329325892,105.50348329325892,0.0,"[106.45, 104.8, 101.9, 106.4, 106.3]"
0,2,38,107.45940771352731,107.45940771352731,0.0,"[105.9, 105.3, 102.0, 105.25, 105.7]"
0,2,39,105.16377052636484,105.16377052636484,0.0,"[108.2, 106.7, 102.2, 108.8, 107.9]"
0,2,40,104.38455019232059,104.38455019232059,0.0,"[104.8, 105.48, 102.3, 103.8, 105.6]"
0,3,1,104.27050879862372,104.27050879862372,0.0,"[100, 100, 100, 100.0, 100.0]"
0,3,2,99.1739389709415,99.1739389709415,0.0,"[104.27050879862372, 104.27050879862372, 104.27050879862372, 104.27050879862372, 104.27050879862372]"
0,3,3,100.10676282456572,100.10676282456572,0.0,"[94.07736814325928, 101.3, 101.2, 94.07736814325928, 94.07736914325928]"
0,3,4,99.07546699358694,99.07546699358694,0.0,"[101.03958667882794, 100.65, 101.18, 100.8, 100.2]"
0,3,5,98.28081760516615,98.28081760516615,0.0,"[98.5, 99.26, 100.5, 98.04, 99.2]"
0,3,6,97.95585553853992,97.95585553853992,0.0,"[97.49, 98.65, 100.0, 98.1, 97.4]"
0,3,7,94.17146354430888,94.17146354430888,0.0,"[97.6, 98.44, 99.6, 98.05, 97.7]"
0,3,8,93.82942942710429,93.82942942710429,0.0,"[90.39, 95.5, 98.6, 90.5, 92.8]"
0,3,9,92.31201365698628,92.31201365698628,0.0,"[93.5, 94.5, 98.0, 94.05, 92.6]"
0,3,10,98.75423433157553,98.75423433157553,0.0,"[90.8, 93.8, 97.2, 90.8, 90.9]"
0,3,11,99.3004412288591,99.3004412288591,0.0,"[100.0, 97.08, 97.9, 100.5, 97.5]"
0,3,12,98.70122903064494,98.70122903064494,0.0,"[100.0, 97.5, 98.1, 98.2, 99.6]"
0,3,13,98.24571633781188,98.24571633781188,0.0,"[98.2, 98.81, 98.1, 98.1, 98.6]"
0,3,14,97.03878299267522,97.03878299267522,0.0,"[97.8, 98.5, 98.1, 98.5, 98.0]"
0,3,15,95.10748872428609,95.10748872428609,0.0,"[95.8, 97.7, 97.76, 95.75, 96.4]"
0,3,16,94.46143846906611,94.46143846906611,0.0,"[93.5, 96.39, 97.4, 92.5, 93.9]"
0,3,17,95.47176988250881,95.47176988250881,0.0,"[93.3, 95.2, 97.3, 94.2, 93.6]"
0,3,18,95.11241695053918,95.11241695053918,0.0,"[95.8, 95.9, 97.1, 96.2, 95.2]"
0,3,19,97.04887352540993,97.04887352540993,0.0,"[94.8, 95.28, 97.1, 94.8, 94.8]"
0,3,20,96.75854610169098,96.75854610169098,0.0,"[98.5, 96.3, 97.2, 98.6, 96.7]"
0,3,21,96.90235782023203,96.90235782023203,0.0,"[97.2, 96.25, 97.2, 96.5, 96.8]"
0,3,22,100.04501834491562,100.04501834491562,0.0,"[97.15, 96.6, 97.2, 96.8, 96.8]"
0,3,23,101.2428796013537,101.2428796013537,0.0,"[101.5, 98.9, 97.5, 102.5, 99.6]"
0,3,24,100.32528971128572,100.32528971128572,0.0,"[102.4, 99.8, 97.8, 102.1, 101.8]"
0,3,25,100.05910129758934,100.05910129758934,0.0,"[101.2, 99.7, 97.9, 99.5, 100.0]"
0,3,26,101.2478556523035,101.2478556523035,0.0,"[99.8, 99.89, 98.0, 100.15, 99.9]"
0,3,27,105.34843529563265,105.34843529563265,0.0,"[102.0, 100.85, 98.1, 101.8, 100.8]"
0,3,28,104.88671690851069,104.88671690851069,0.0,"[106.5, 103.5, 98.5, 108.5, 104.0]"
0,3,29,104.48146712317586,104.48146712317586,0.0,"[105.5, 103.7, 98.8, 104.4, 104.5]"
0,3,30,106.7037154964446,106.7037154964446,0.0,"[104.0, 103.7, 98.8, 104.1, 104.1]"
0,3,31,104.93349628027934,104.93349628027934,0.0,"[107.5, 105.6, 99.1, 107.8, 106.9]"
0,3,32,104.4274295493522,104.4274295493522,0.0,"[105.5, 105.08, 99.4, 104.2, 105.2]"
0,3,33,106.3933585627018,106.3933585627018,0.0,"[103.9, 104.8, 99.6, 104.1, 104.2]"
0,3,34,107.74315020283156,107.74315020283156,0.0,"[106.8, 105.9, 99.6, 108.2, 105.3]"
0,3,35,108.0485312725511,108.0485312725511,0.0,"[108.5, 106.9, 99.9, 108.2, 108.2]"
0,3,36,109.61591533936213,109.61591533936213,0.0,"[108.6, 107.2, 100.5, 107.9, 108.4]"
0,3,37,103.69141560782167,103.69141560782167,0.0,"[110.8, 108.67, 100.5, 110.9, 110.2]"
0,3,38,105.937094213569,105.937094213569,0.0,"[101.5, 105.8, 100.6, 101.5, 104.5]"
0,3,39,104.02721753182966,104.02721753182966,0.0,"[107.2, 106.5, 100.9, 106.8, 106.3]"
0,3,40,100.71353250807509,100.71353250807509,0.0,"[103.5, 105.15, 100.9, 104.8, 104.5]"
0,4,1,98.80363177513341,98.80363177513341,0.0,"[100, 100, 100, 100, 100]"
0,4,2,98.55748845749585,98.55748845749585,0.0,"[98.80363177513341, 98.80363177513341, 98.80363177513341, 98.80363177513341, 98.80363177513341]"
0,4,3,101.99405190399263,101.99405190399263,0.0,"[98.3113, 98.62, 98.67, 98.31134513985829, 98.31]"
0,4,4,103.45093599110197,103.45093599110197,0.0,"[105.4306153504894, 100.9, 99.9, 109.11, 103.2]"
0,4,5,100.210152514914,100.210152514914,0.0,"[104.91, 102.4, 100.95, 104.5, 104.9]"
0,4,6,100.29997450081342,100.29997450081342,0.0,"[96.97, 100.4, 100.55, 97.1, 100.6]"
0,4,7,99.15617832348711,99.15617832348711,0.0,"[100.45, 100.55, 100.5, 100.35, 100.45]"
0,4,8,99.55087264655623,99.55087264655623,0.0,"[98.8, 100.09, 100.25, 98.0, 99.1]"
0,4,9,96.49633619183842,96.49633619183842,0.0,"[99.95, 99.9, 100.18, 99.95, 99.7]"
0,4,10,97.06108069735906,97.06108069735906,0.0,"[95.0, 98.0, 99.7, 94.2, 96.8]"
0,4,11,97.61665229210877,97.61665229210877,0.0,"[96.7, 97.8, 99.4, 97.3, 97.2]"
0,4,12,100.84257295750032,100.84257295750032,0.0,"[98.1, 97.8, 99.2, 98.05, 97.8]"
0,4,13,101.58475935771222,101.58475935771222,0.0,"[102.5, 99.8, 99.6, 103.5, 100.2]"
0,4,14,102.73002707720286,102.73002707720286,0.0,"[102.3, 100.7, 99.8, 101.9, 101.9]"
0,4,15,99.80737886479555,99.80737886479555,0.0,"[103.8, 101.5, 100.1, 103.9, 103.4]"
0,4,16,104.51145677434423,104.51145677434423,0.0,"[99.0, 100.16, 99.87, 98.6, 100.4]"
0,4,17,100.68368678520375,100.68368678520375,0.0,"[105.5, 103.2, 100.5, 106.2, 102.5]"
0,4,18,103.02996060133898,103.02996060133898,0.0,"[99.0, 101.2, 100.25, 98.8, 101.0]"
0,4,19,102.45480188200905,102.45480188200905,0.0,"[104.2, 102.85, 100.5, 101.8, 102.0]"
0,4,20,100.76678764756957,100.76678764756957,0.0,"[102.0, 102.55, 100.6, 101.9, 102.2]"
0,4,21,99.5522979383942,99.5522979383942,0.0,"[99.5, 101.5, 100.5, 99.5, 101.2]"
0,4,22,98.32150967895384,98.32150967895384,0.0,"[98.35, 100.4, 100.35, 99.0, 99.8]"
0,4,23,99.17109608606921,99.17109608606921,0.0,"[97.1, 99.57, 100.2, 97.1, 98.5]"
0,4,24,99.05204586758668,99.05204586758668,0.0,"[98.8, 99.4, 100.25, 99.8, 99.5]"
0,4,25,102.13514130246895,102.13514130246895,0.0,"[98.7, 99.11, 100.2, 98.8, 99.4]"
0,4,26,98.56387060951815,98.56387060951815,0.0,"[103.5, 100.9, 100.5, 104.5, 101.2]"
0,4,27,98.65640445327085,98.65640445327085,0.0,"[97.5, 99.02, 100.1, 95.8, 99.8]"
0,4,28,97.00883293670077,97.00883293670077,0.0,"[98.4, 99.1, 100.1, 98.9, 99.5]"
0,4,29,98.62447663241963,98.62447663241963,0.0,"[96.5, 98.05, 99.9, 95.8, 98.5]"
0,4,30,94.62845954458277,94.62845954458277,0.0,"[97.3, 98.8, 99.95, 99.2, 98.9]"
0,4,31,94.0742519359436,94.0742519359436,0.0,"[93.5, 96.4, 99.7, 92.8, 96.5]"
0,4,32,94.56503919440512,94.56503919440512,0.0,"[93.5, 95.34, 99.3, 94.3, 93.8]"
0,4,33,91.8909429816849,91.8909429816849,0.0,"[94.2, 95.0, 99.3, 94.9, 94.7]"
0,4,34,93.81331371386727,93.81331371386727,0.0,"[90.5, 93.3, 98.8, 89.2, 91.2]"
0,4,35,94.24342397736281,94.24342397736281,0.0,"[94.5, 93.8, 98.7, 94.7, 93.6]"
0,4,36,96.25666207966022,96.25666207966022,0.0,"[94.7, 94.0, 98.8, 94.4, 94.3]"
0,4,37,98.21921657555417,98.21921657555417,0.0,"[97.5, 95.4, 98.7, 98.2, 96.9]"
0,4,38,96.40950468085144,96.40950468085144,0.0,"[99.5, 97.0, 98.8, 100.2, 98.8]"
0,4,39,94.9783411652151,94.9783411652151,0.0,"[95.8, 96.1, 98.5, 95.6, 96.0]"
0,4,40,94.6875220104606,94.6875220104606,0.0,"[93.8, 95.4, 98.3, 95.4, 94.5]"
0,5,1,98.50738869364739,98.50738869364739,0.0,"[100, 100, 100, 100, 100]"
0,5,2,96.02843807712556,96.02843807712556,0.0,"[98.50738869364739, 98.50738869364739, 98.51, 98.50738869364739, 98.50738869364739]"
0,5,3,95.64822563648325,95.64822563648325,0.0,"[93.54948746060373, 96.65, 97.15, 93.54948746060373, 93.54948746060373]"
0,5,4,96.55241774030245,96.55241774030245,0.0,"[95.27, 96.19, 96.73, 95.8, 94.2]"
0,5,5,98.87011119229156,98.87011119229156,0.0,"[97.0, 96.6, 96.68, 97.35, 96.8]"
0,5,6,99.18641987775821,99.18641987775821,0.0,"[101.19, 98.0, 97.3, 101.19, 99.1]"
0,5,7,98.19429933680863,98.19429933680863,0.0,"[99.5, 98.3, 97.7, 98.9, 99.35]"
0,5,8,96.76182580746756,96.76182580746756,0.0,"[97.8, 97.94, 97.7, 97.25, 97.8]"
0,5,9,98.32000050786179,98.32000050786179,0.0,"[95.5, 97.34, 97.3, 95.35, 96.3]"
0,5,10,101.68940628256338,101.68940628256338,0.0,"[98.8, 98.3, 97.7, 99.6, 97.8]"
0,5,11,102.34797294679369,102.34797294679369,0.0,"[103.5, 100.3, 98.2, 104.8, 101.3]"
0,5,12,99.95418525121615,99.95418525121615,0.0,"[103.5, 101.0, 98.77, 101.9, 102.9]"
0,5,13,98.15487902893577,98.15487902893577,0.0,"[98.8, 100.25, 98.6, 98.2, 100.2]"
0,5,14,101.44806688035544,101.44806688035544,0.0,"[96.5, 99.12, 98.48, 98.8, 98.4]"
0,5,15,101.96245527654105,101.96245527654105,0.0,"[103.0, 100.85, 98.9, 103.5, 100.2]"
0,5,16,98.58922376103189,98.58922376103189,0.0,"[102.48, 101.4, 99.1, 101.5, 101.7]"
0,5,17,98.52280451443247,98.52280451443247,0.0,"[97.2, 99.3, 98.8, 96.8, 99.3]"
0,5,18,96.35348070331077,96.35348070331077,0.0,"[97.8, 99.32, 98.85, 98.8, 99.0]"
0,5,19,95.24359407551464,95.24359407551464,0.0,"[94.8, 97.7, 98.6, 94.8, 97.2]"
0,5,20,94.41289293050808,94.41289293050808,0.0,"[94.1, 96.3, 98.2, 94.6, 95.8]"
0,5,21,93.16865767074762,93.16865767074762,0.0,"[93.5, 95.52, 98.0, 93.9, 93.6]"
0,5,22,94.2997881849238,94.2997881849238,0.0,"[91.9, 93.98, 97.8, 91.9, 92.3]"
0,5,23,94.27511132665643,94.27511132665643,0.0,"[93.7, 94.5, 97.6, 94.9, 94.5]"
0,5,24,93.26347935996071,93.26347935996071,0.0,"[93.8, 94.28, 97.5, 94.4, 94.3]"
0,5,25,94.12478061988132,94.12478061988132,0.0,"[92.5, 93.58, 97.2, 92.35, 92.8]"
0,5,26,95.79576348717502,95.79576348717502,0.0,"[93.7, 94.1, 97.1, 94.7, 94.0]"
0,5,27,92.79177404425816,92.79177404425816,0.0,"[96.7, 95.1, 97.1, 97.3, 96.2]"
0,5,28,92.4089089836259,92.4089089836259,0.0,"[91.8, 93.5, 96.76, 91.2, 93.0]"
0,5,29,90.7046337391474,90.7046337391474,0.0,"[91.5, 92.9, 96.8, 92.8, 92.0]"
0,5,30,90.48149366933241,90.48149366933241,0.0,"[89.5, 91.69, 96.5, 89.2, 90.1]"
0,5,31,88.26617498947304,88.26617498947304,0.0,"[89.5, 91.26, 96.0, 90.75, 89.9]"
0,5,32,88.39105466040711,88.39105466040711,0.0,"[88.2, 89.6, 96.0, 86.2, 89.6]"
0,5,33,88.41247309749815,88.41247309749815,0.0,"[87.9, 89.3, 95.5, 88.6, 87.8]"
0,5,34,87.96388240895661,87.96388240895661,0.0,"[88.1, 89.2, 95.1, 88.5, 88.4]"
0,5,35,86.22565653117475,86.22565653117475,0.0,"[87.5, 88.33, 94.8, 87.9, 87.6]"
0,5,36,85.63070878890373,85.63070878890373,0.0,"[85.2, 87.04, 94.5, 84.6, 85.3]"
0,5,37,83.86575689900204,83.86575689900204,0.0,"[84.8, 86.48, 94.5, 85.9, 84.8]"
0,5,38,81.7048377246638,81.7048377246638,0.0,"[82.2, 84.8, 94.0, 82.1, 82.8]"
0,5,39,82.15510032236631,82.15510032236631,0.0,"[79.7, 83.05, 93.5, 79.3, 80.6]"
0,5,40,80.43279003354665,80.43279003354665,0.0,"[81.6, 82.9, 93.5, 82.6, 81.8]"
0,6,1,102.23074876684133,102.23074876684133,0.0,"[100, 100, 100, 100, 100]"
0,6,2,106.03426824047796,106.03426824047796,0.0,"[102.23074876684133, 102.23074876684133, 102.23074876684133, 102.23074876684133, 102.23074876684133]"
0,6,3,100.85627568582095,100.85627568582095,0.0,"[109.83778771467858, 105.08, 104.2, 109.8378, 109.83778771411458]"
0,6,4,100.67899510689469,100.67899510689469,0.0,"[95.6783, 101.95, 102.8, 95.68, 102.5]"
0,6,5,102.84382519885402,102.84382519885402,0.0,"[100.5, 101.56, 102.4, 101.2, 100.9]"
0,6,6,105.7686766675794,105.7686766675794,0.0,"[104.0, 102.68, 102.56, 105.5, 102.6]"
0,6,7,107.2679791514763,107.2679791514763,0.0,"[108.69, 104.5, 103.1, 109.45354951307083, 104.0]"
0,6,8,110.63898778468884,110.63898778468884,0.0,"[109.0, 105.38, 103.9, 108.0, 107.9]"
0,6,9,111.39380220174642,111.39380220174642,0.0,"[113.13, 108.0, 105.0, 114.5, 111.8]"
0,6,10,112.74143748875406,112.74143748875406,0.0,"[113.5, 109.5, 106.0, 111.8, 112.8]"
0,6,11,113.25838335128775,113.25838335128775,0.0,"[114.5, 111.2, 106.5, 114.2, 114.0]"
0,6,12,110.96275592158683,110.96275592158683,0.0,"[114.7, 112.4, 106.9, 113.5, 114.4]"
0,6,13,109.20884229674779,109.20884229674779,0.0,"[108.67, 111.38, 107.4, 108.5, 111.4]"
0,6,14,110.15117256597536,110.15117256597536,0.0,"[107.5, 110.5, 107.6, 108.0, 108.4]"
0,6,15,108.98931112356843,108.98931112356843,0.0,"[111.09, 110.7, 107.8, 111.1, 110.2]"
0,6,16,111.90841816706165,111.90841816706165,0.0,"[108.0, 109.9, 107.8, 108.0, 109.2]"
0,6,17,114.95360058031164,114.95360058031164,0.0,"[113.5, 110.9, 108.2, 113.4, 111.5]"
0,6,18,119.28365360768366,119.28365360768366,0.0,"[117.9, 113.2, 108.8, 118.1, 116.2]"
0,6,19,119.3407472684061,119.3407472684061,0.0,"[123.5, 116.17, 109.5, 124.0, 120.8]"
0,6,20,122.81228100253269,122.81228100253269,0.0,"[121.5, 118.0, 110.0, 119.4, 120.5]"
0,6,21,120.72800902367084,120.72800902367084,0.0,"[125.8, 120.7, 110.5, 126.2, 124.1]"
0,6,22,118.89180305135517,118.89180305135517,0.0,"[119.2, 120.54, 111.5, 119.2, 121.8]"
0,6,23,119.20443050327168,119.20443050327168,0.0,"[117.05, 119.7, 111.5, 119.4, 118.5]"
0,6,24,119.99721561713224,119.99721561713224,0.0,"[119.6, 119.8, 112.0, 120.1, 119.8]"
0,6,25,116.33672325119531,116.33672325119531,0.0,"[120.8, 120.16, 112.5, 120.8, 120.6]"
0,6,26,112.49112042944427,112.49112042944427,0.0,"[114.5, 117.7, 112.3, 113.8, 116.8]"
0,6,27,113.40617658797805,113.40617658797805,0.0,"[108.6, 114.45, 112.0, 108.4, 109.0]"
0,6,28,111.57891468922048,111.57891468922048,0.0,"[112.5, 114.85, 112.1, 114.5, 113.0]"
0,6,29,114.42267149476788,114.42267149476788,0.0,"[110.2, 112.53, 111.9, 109.8, 112.1]"
0,6,30,115.44453066875388,115.44453066875388,0.0,"[115.5, 114.0, 112.3, 116.8, 113.8]"
0,6,31,116.27218358945612,116.27218358945612,0.0,"[116.8, 114.5, 112.5, 116.2, 115.9]"
0,6,32,116.87473326739638,116.87473326739638,0.0,"[117.5, 115.5, 112.7, 116.9, 116.9]"
0,6,33,119.10580398995555,119.10580398995555,0.0,"[117.5, 115.9, 112.8, 117.35, 117.3]"
0,6,34,118.86058888147097,118.86058888147097,0.0,"[120.5, 118.0, 113.2, 121.2, 119.8]"
0,6,35,121.59111557176003,121.59111557176003,0.0,"[119.4, 118.3, 113.5, 118.5, 119.1]"
0,6,36,120.43926701956227,120.43926701956227,0.0,"[122.8, 120.07, 113.5, 123.8, 122.8]"
0,6,37,120.0184718948843,120.0184718948843,0.0,"[121.3, 119.9, 113.5, 119.4, 121.1]"
0,6,38,118.514528861714,118.514528861714,0.0,"[119.6, 120.01, 114.1, 120.3, 120.3]"
0,6,39,120.05966134814061,120.05966134814061,0.0,"[117.5, 119.2, 113.6, 117.1, 117.8]"
0,6,40,120.26606323379646,120.26606323379646,0.0,"[120.8, 119.95, 114.5, 120.8, 120.5]"
0,7,1,100.10251281521916,100.10251281521916,0.0,"[100, 100, 100, 100, 100]"
0,7,2,100.80315954166508,100.80315954166508,0.0,"[100.10251281521916, 100.10251281521916, 100.10251281521916, 100.10251281521916, 100.10251281521916]"
0,7,3,100.35229477542917,100.35229477542917,0.0,"[101.503806268111, 100.63, 100.46, 101.503806268111, 101.503806268111]"
0,7,4,98.67929091390846,98.67929091390846,0.0,"[99.9, 100.3858, 100.42, 98.75, 100.5]"
0,7,5,97.88386160319668,97.88386160319668,0.0,"[97.01, 99.33, 99.8, 95.8, 99.1]"
0,7,6,96.05767181075333,96.05767181075333,0.0,"[97.1, 98.35, 99.4, 97.68, 97.1]"
0,7,7,96.26950780949738,96.26950780949738,0.0,"[94.63, 96.9, 98.7, 94.0, 95.25]"
0,7,8,98.98377383874679,98.98377383874679,0.0,"[95.8, 96.9, 98.3, 96.5, 96.2]"
0,7,9,98.11220823924421,98.11220823924421,0.0,"[100.5, 98.2, 98.7, 101.5, 99.6]"
0,7,10,96.99915893719948,96.99915893719948,0.0,"[97.6, 97.75, 98.5, 97.5, 97.8]"
0,7,11,98.05211751817751,98.05211751817751,0.0,"[96.0, 97.14, 98.25, 95.65, 96.7]"
0,7,12,98.85329564133647,98.85329564133647,0.0,"[98.5, 97.87, 98.35, 98.6, 97.8]"
0,7,13,99.16103788292212,99.16103788292212,0.0,"[99.65, 98.55, 98.5, 98.5, 99.1]"
0,7,14,97.43015993446934,97.43015993446934,0.0,"[99.5, 98.7, 98.55, 99.05, 99.35]"
0,7,15,97.47059828922575,97.47059828922575,0.0,"[96.7, 97.76, 98.35, 96.6, 97.2]"
0,7,16,98.93438379155063,98.93438379155063,0.0,"[97.3, 97.85, 98.3, 97.6, 97.6]"
0,7,17,96.40639614450534,96.40639614450534,0.0,"[99.5, 98.65, 98.5, 100.2, 98.8]"
0,7,18,95.62365572225119,95.62365572225119,0.0,"[95.9, 97.15, 98.1, 95.2, 96.9]"
0,7,19,92.14798150672213,92.14798150672213,0.0,"[94.84, 96.4, 98.0, 96.1, 95.3]"
0,7,20,89.89164716523487,89.89164716523487,0.0,"[90.5, 94.13, 97.5, 89.0, 91.8]"
0,7,21,86.72743969858602,86.72743969858602,0.0,"[87.5, 91.3, 97.0, 88.5, 88.7]"
0,7,22,86.40698360216622,86.40698360216622,0.0,"[84.3, 89.0, 96.0, 82.66, 83.9]"
0,7,23,84.32847347695457,84.32847347695457,0.0,"[84.7, 87.8, 95.5, 86.75, 85.5]"
0,7,24,84.87205259204676,84.87205259204676,0.0,"[82.3, 85.6, 94.8, 82.2, 82.7]"
0,7,25,85.22372696349068,85.22372696349068,0.0,"[84.3, 85.23, 94.5, 85.4, 83.9]"
0,7,26,84.99065095358596,84.99065095358596,0.0,"[85.6, 85.4, 94.5, 85.6, 85.45]"
0,7,27,80.8993724917874,80.8993724917874,0.0,"[84.7, 85.1, 93.8, 84.65, 84.7]"
0,7,28,80.11252505086837,80.11252505086837,0.0,"[79.5, 82.48, 93.5, 77.2, 79.8]"
0,7,29,80.11492694785612,80.11492694785612,0.0,"[79.3, 81.3, 92.5, 79.7, 78.8]"
0,7,30,80.37702449336855,80.37702449336855,0.0,"[79.8, 81.4, 92.5, 80.3, 79.9]"
0,7,31,78.03251938745412,78.03251938745412,0.0,"[80.2, 80.84, 92.0, 80.65, 80.3]"
0,7,32,77.36779351228017,77.36779351228017,0.0,"[76.5, 78.8, 91.5, 76.2, 76.8]"
0,7,33,75.94430236154115,75.94430236154115,0.0,"[76.7, 78.25, 90.4, 76.9, 76.8]"
0,7,34,74.8004172488485,74.8004172488485,0.0,"[74.5, 77.15, 90.0, 74.5, 74.8]"
0,7,35,76.4809305288429,76.4809305288429,0.0,"[73.6, 76.05, 89.2, 73.7, 73.8]"
0,7,36,75.33092507928669,75.33092507928669,0.0,"[77.5, 76.52, 89.0, 77.75, 75.9]"
0,7,37,75.35726280510916,75.35726280510916,0.0,"[74.65, 75.6, 89.0, 74.2, 74.9]"
0,7,38,76.77876506468851,76.77876506468851,0.0,"[75.2, 75.42, 88.0, 75.1, 74.9]"
0,7,39,75.96373814198488,75.96373814198488,0.0,"[77.3, 76.25, 88.5, 77.8, 76.6]"
0,7,40,75.87005374415253,75.87005374415253,0.0,"[75.2, 75.97, 88.0, 75.15, 75.5]"
0,8,1,96.67983585517935,96.67983585517935,0.0,"[100, 100, 100, 100, 100]"
0,8,2,94.22372448493383,94.22372448493383,0.0,"[96.67983585517935, 96.67983585517935, 96.67983585517935, 96.67983585517935, 96.67983585517935]"
0,8,3,91.78509016968498,91.78509016968498,0.0,"[91.7676, 95.0, 95.2, 91.76761311468832, 91.76761311468832]"
0,8,4,91.23307769598829,91.23307769598829,0.0,"[89.35, 92.7, 94.1, 89.363933, 89.35]"
0,8,5,87.19664834482937,87.19664834482937,0.0,"[90.68, 92.1, 93.3, 91.9, 90.7]"
0,8,6,86.9547570813062,86.9547570813062,0.0,"[84.83, 89.0, 92.0, 83.16, 84.83]"
0,8,7,85.3912268377344,85.3912268377344,0.0,"[85.01, 87.7, 91.2, 87.2, 85.01]"
0,8,8,87.01803264677032,87.01803264677032,0.0,"[83.8, 86.05, 90.2, 83.83, 83.4]"
0,8,9,88.78807174063353,88.78807174063353,0.0,"[88.6, 87.3, 89.76, 88.4, 86.5]"
0,8,10,91.386473787527,91.386473787527,0.0,"[90.5, 87.9, 89.7, 90.7, 90.45]"
0,8,11,92.89286878247428,92.89286878247428,0.0,"[93.8, 89.8, 90.2, 94.6, 92.4]"
0,8,12,92.88724005620318,92.88724005620318,0.0,"[94.5, 92.0, 90.8, 94.4, 94.1]"
0,8,13,94.59287582126319,94.59287582126319,0.0,"[92.88, 91.7, 90.8, 91.4, 93.0]"
0,8,14,97.58187682480255,97.58187682480255,0.0,"[96.3, 93.5, 91.22, 96.2, 95.8]"
0,8,15,96.41096088100662,96.41096088100662,0.0,"[99.8, 95.7, 91.8, 101.85, 99.3]"
0,8,16,97.69270805218179,97.69270805218179,0.0,"[97.2, 95.8, 92.0, 95.3, 96.8]"
0,8,17,97.70702337313293,97.70702337313293,0.0,"[98.8, 96.7, 92.5, 98.2, 98.1]"
0,8,18,100.66254439087038,100.66254439087038,0.0,"[97.9, 97.25, 92.8, 97.6, 97.9]"
0,8,19,99.09072827810606,99.09072827810606,0.0,"[102.5, 99.3, 93.5, 102.2, 101.4]"
0,8,20,98.59346145002758,98.59346145002758,0.0,"[97.52, 98.7, 93.8, 97.8, 99.5]"
0,8,21,99.40990110248961,99.40990110248961,0.0,"[98.0, 98.67, 93.8, 99.0, 98.2]"
0,8,22,100.02437664374105,100.02437664374105,0.0,"[99.9, 99.4, 94.2, 99.9, 99.7]"
0,8,23,96.89471372338242,96.89471372338242,0.0,"[100.6, 99.6, 94.5, 100.5, 100.35]"
0,8,24,97.69282019961067,97.69282019961067,0.0,"[95.5, 97.85, 94.4, 94.8, 97.5]"
0,8,25,97.55907716257146,97.55907716257146,0.0,"[98.5, 98.1, 94.8, 98.2, 98.0]"
0,8,26,97.18954628172551,97.18954628172551,0.0,"[97.2, 97.94, 94.8, 97.4, 97.5]"
0,8,27,96.98507725153304,96.98507725153304,0.0,"[96.8, 97.5, 94.8, 96.75, 97.3]"
0,8,28,97.50820789531265,97.50820789531265,0.0,"[96.7, 97.12, 94.8, 96.8, 96.8]"
0,8,29,94.12358424386898,94.12358424386898,0.0,"[97.2, 97.45, 95.0, 97.8, 97.4]"
0,8,30,97.18904274324841,97.18904274324841,0.0,"[93.5, 95.4, 94.6, 91.2, 94.5]"
0,8,31,95.62450758230092,95.62450758230092,0.0,"[97.8, 96.95, 95.0, 98.8, 97.4]"
0,8,32,91.52405057008633,91.52405057008633,0.0,"[94.5, 96.1, 94.89, 94.8, 96.2]"
0,8,33,91.4655405765407,91.4655405765407,0.0,"[89.5, 93.3, 94.4, 86.0, 91.0]"
0,8,34,94.26518279121152,94.26518279121152,0.0,"[89.8, 92.5, 94.3, 91.8, 90.9]"
0,8,35,93.38585464379355,93.38585464379355,0.0,"[95.5, 94.1, 94.52, 96.5, 94.0]"
0,8,36,96.42498967086873,96.42498967086873,0.0,"[92.5, 93.65, 94.3, 93.1, 92.8]"
0,8,37,99.57431372412277,99.57431372412277,0.0,"[97.5, 95.2, 94.8, 98.5, 95.8]"
0,8,38,97.96885270896802,97.96885270896802,0.0,"[102.7, 97.8, 94.9, 102.72, 100.8]"
0,8,39,93.34918901218566,93.34918901218566,0.0,"[97.0, 97.2, 95.2, 96.5, 98.1]"
0,8,40,91.16249078344345,91.16249078344345,0.0,"[91.8, 95.0, 94.5, 88.7, 92.8]"
0.2,1,1,100.79430639137112,100.6354451130969,-0.15886127827421603,"[100, 100, 100, 100, 100]"
0.2,1,2,102.56679375089921,102.18052402333876,-0.3862697275604461,"[100.6354451130969, 100.6354451130969, 100.6354451130969, 100.6354451130969, 100.6354451130969]"
0.2,1,3,103.35017446479658,103.2592118091805,-0.09096265561608163,"[103.72560293358062, 101.8, 101.5, 103.725603, 103.7256]"
0.2,1,4,100.79208488531063,101.3312679082485,0.5391830229378769,"[104.34, 102.8, 102.03, 103.87, 104.4]"
0.2,1,5,102.73644750591856,102.35475800473485,-0.3816895011837147,"[99.4, 101.59, 101.85, 99.6, 101.7]"
0.2,1,6,103.76144210422284,103.54915368337828,-0.21228842084455835,"[103.38, 102.15, 101.99, 103.38, 102.6]"
0.2,1,7,102.7558076237336,102.99064609898689,0.23483847525328372,"[104.74, 103.05, 102.35, 104.91, 104.6]"
0.2,1,8,104.06104891825456,103.79603913460366,-0.2650097836508962,"[102.43, 102.85, 102.4, 102.6, 103.4]"
0.2,1,9,104.92745259309471,104.68996207447579,-0.23749051861892667,"[104.5, 103.3, 102.6, 104.35, 103.95]"
0.2,1,10,105.65212248156105,105.45689798524884,-0.19522449631220695,"[105.55, 104.08, 102.9, 105.65, 105.2]"
0.2,1,11,105.81796202754815,105.71436962203853,-0.10359240550961601,"[106.2, 104.9, 103.2, 106.2, 106.0]"
0.2,1,12,107.08838678173285,106.7535094253863,-0.3348773563465528,"[106.3, 105.42, 103.6, 105.65, 106.1]"
0.2,1,13,105.62820795881078,105.80116636704864,0.1729584082378608,"[107.5, 106.165, 103.8, 107.7, 107.3]"
0.2,1,14,105.38994757039683,105.34675805631747,-0.04318951407935856,"[104.85, 105.58, 103.94, 105.1, 106.4]"
0.2,1,15,104.48305145423976,104.61764116339181,0.1345897091520527,"[104.9, 105.58, 104.15, 105.55, 105.6]"
0.2,1,16,105.8477557796195,105.52540462369561,-0.3223511559238972,"[104.1, 105.13, 104.05, 103.9, 104.0]"
0.2,1,17,106.0378639720986,105.9370911776789,-0.10077279441971143,"[105.9, 105.57, 104.15, 106.25, 105.8]"
0.2,1,18,105.52491673287437,105.56953338629951,0.04461665342513754,"[106.35, 105.69, 104.3, 106.2, 106.2]"
0.2,1,19,103.9914759066535,104.23318072532281,0.24170481866930515,"[105.3, 105.5, 104.3, 105.2, 105.7]"
0.2,1,20,103.56144297890188,103.62595438312151,0.06451140421962975,"[103.6, 104.72, 104.2, 102.9, 104.0]"
0.2,1,21,103.6819387864623,103.67155102916985,-0.010387757292448896,"[102.9, 104.2, 104.1, 103.85, 103.1]"
0.2,1,22,103.21517368164648,103.32213894531719,0.10696526367071613,"[103.2, 104.1, 104.05, 103.75, 103.65]"
0.2,1,23,106.02735748843239,105.48788599074592,-0.5394714976864634,"[102.9, 103.65, 104.05, 103.05, 103.0]"
0.2,1,24,108.29203836099185,107.68163068879349,-0.6104076721983631,"[105.9, 104.75, 104.25, 106.8, 104.5]"
0.2,1,25,102.67907907235086,103.70646325788069,1.0273841855298258,"[109.88, 106.45, 104.6, 109.85, 108.3]"
0.2,1,26,98.97112314020644,99.87289851216516,0.9017753719587205,"[102.8, 104.35, 104.25, 101.8, 104.2]"
0.2,1,27,98.72445436026383,98.85876348821107,0.13430912794723326,"[96.04, 101.94, 103.9, 96.3, 98.8]"
0.2,1,28,97.99229685502732,98.38583748402186,0.39354062899454334,"[97.8, 100.6, 103.8, 99.4, 98.2]"
0.2,1,29,98.51036115244918,98.71628892195935,0.20592776951016845,"[97.8, 99.4, 103.6, 98.7, 98.2]"
0.2,1,30,99.03845119439917,99.18556095551935,0.14710976112017704,"[98.2, 99.32, 103.4, 99.05, 98.9]"
0.2,1,31,103.42688580503518,102.78910864402816,-0.6377771610070226,"[99.6, 99.1, 103.2, 99.79, 99.5]"
0.2,1,32,101.25322228108585,101.6485778248687,0.3953555437828413,"[104.2, 101.3, 103.35, 105.5, 101.8]"
0.2,1,33,100.59196969116998,100.74157575293599,0.14960606176600777,"[100.5, 100.9, 103.1, 100.8, 101.4]"
0.2,1,34,104.89164474184255,104.06011579347405,-0.8315289483685007,"[99.72, 100.95, 102.8, 100.4, 99.8]"
0.2,1,35,106.36344144357369,105.94275315485896,-0.42068828871472874,"[105.5, 102.8, 103.4, 106.2, 103.4]"
0.2,1,36,107.89118682827358,107.43294946261886,-0.4582373656547105,"[107.5, 104.8, 103.6, 106.8, 105.3]"
0.2,1,37,106.8945743632761,106.9036594906209,0.009085127344789612,"[108.8, 105.7, 103.9, 108.5, 107.8]"
0.2,1,38,103.53208441414066,104.06366753131253,0.531583117171877,"[107.5, 106.15, 103.8, 106.4, 107.1]"
0.2,1,39,103.983356625852,103.7898853006816,-0.19347132517039256,"[101.8, 104.46, 103.62, 101.5, 103.7]"
0.2,1,40,104.31457940961906,104.18046352769525,-0.13411588192380464,"[102.5, 104.7, 103.62, 104.2, 103.2]"
0.2,2,1,100.47925151762907,100.38340121410326,-0.09585030352580759,"[100, 100, 100, 100, 100]"
0.2,2,2,99.5337004485136,99.70364060163155,0.16994015311794897,"[100.38340121410326, 100.38340121410326, 100.38340121410326, 100.38340121410326, 100.38340121410326]"
0.2,2,3,98.81357695903948,98.95651839129685,0.14294143225737344,"[99.0239, 99.87, 100.02, 99.02388, 99.70364060163155]"
0.2,2,4,94.19863266785303,95.09870613428244,0.9000734664294043,"[98.24, 99.32, 99.55, 98.142, 98.243]"
0.2,2,5,97.74869163113075,97.0597533049046,-0.6889383262261504,"[91.24, 96.8, 98.2, 91.5, 93.78]"
0.2,2,6,100.11135649343154,99.65508519474524,-0.45627129868630334,"[97.8, 97.65, 98.0, 98.5, 97.2]"
0.2,2,7,99.56141347650819,99.70113078120656,0.1397173046983653,"[101.5, 98.7, 98.6, 102.1, 100.4]"
0.2,2,8,101.21538858056931,100.82631086445545,-0.3890777161138601,"[99.85, 98.8, 98.7, 99.2, 99.8]"
0.2,2,9,101.8880865009274,101.66446920074193,-0.22361730018546666,"[101.8, 99.8, 99.15, 102.0, 101.1]"
0.2,2,10,100.86657087841965,100.99725670273573,0.13068582431607467,"[102.5, 100.9, 99.6, 102.3, 102.3]"
0.2,2,11,102.96096255367249,102.453570042938,-0.5073925107344905,"[100.8, 100.52, 99.6, 100.4, 100.8]"
0.2,2,12,102.42581506963579,102.36825205570864,-0.05756301392715102,"[102.9, 101.79, 99.9, 103.4, 102.7]"
0.2,2,13,101.85622937406664,101.86498349925333,0.008754125186683837,"[102.6, 102.0, 100.1, 102.2, 102.6]"
0.2,2,14,100.35554877506388,100.55363902005111,0.1980902449872275,"[101.4, 101.88, 100.2, 101.35, 101.9]"
0.2,2,15,101.37419071887888,101.10935257510312,-0.2648381437757621,"[99.9, 101.1, 100.15, 98.8, 100.3]"
0.2,2,16,101.2744915234286,101.26319321874288,-0.011298304685709581,"[101.6, 101.39, 100.25, 101.55, 101.3]"
0.2,2,17,102.48744903113526,102.22595922490821,-0.261489806227047,"[101.5, 101.35, 100.3, 101.35, 101.4]"
0.2,2,18,101.35169820532278,101.48695856425823,0.1352603589354544,"[102.78, 101.81, 100.4, 102.8, 102.35]"
0.2,2,19,101.71076881980727,101.58701505584582,-0.12375376396144588,"[101.0, 101.41, 100.5, 100.9, 101.65]"
0.2,2,20,100.01175255980364,100.29900204784292,0.2872494880392793,"[101.7, 101.56, 100.58, 101.7, 101.7]"
0.2,2,21,101.81088300285855,101.46470640228685,-0.3461766005716953,"[99.7, 100.75, 100.45, 99.1, 100.4]"
0.2,2,22,102.29672981895945,102.12698385516757,-0.16974596379188256,"[101.8, 101.44, 100.6, 101.9, 101.5]"
0.2,2,23,103.07832395819347,102.84385916655478,-0.23446479163868617,"[102.6, 101.78, 100.65, 102.6, 101.9]"
0.2,2,24,104.03206867863764,103.75165494291012,-0.28041373572752093,"[103.35, 102.3, 100.85, 103.55, 103.1]"
0.2,2,25,102.05215991424461,102.33172793139569,0.27956801715107815,"[104.5, 103.0, 100.95, 104.7, 104.1]"
0.2,2,26,103.76696607855433,103.37677286284348,-0.39019321571085186,"[101.6, 102.4, 100.98, 101.5, 102.6]"
0.2,2,27,108.2325042838555,107.23120342708441,-1.0013008567710955,"[104.0, 103.13, 101.2, 104.1, 103.7]"
0.2,2,28,104.8481256304665,105.1173005043732,0.2691748739067066,"[108.5, 105.57, 101.5, 108.8, 106.6]"
0.2,2,29,101.38494930225067,101.91995944180054,0.5350101395498683,"[104.5, 104.7, 101.5, 104.0, 105.6]"
0.2,2,30,98.4774928310764,98.89599426486113,0.4185014337847264,"[99.5, 102.75, 101.5, 97.6, 101.5]"
0.2,2,31,100.24901099588598,99.92320879670879,-0.3258021991771898,"[96.0, 100.3, 101.1, 95.9, 99.8]"
0.2,2,32,100.60797349413312,100.62637879530651,0.01840530117338801,"[100.5, 101.0, 101.1, 100.5, 100.4]"
0.2,2,33,102.90419016143444,102.54735212914757,-0.3568380322868734,"[101.3, 101.3, 101.1, 101.2, 100.7]"
0.2,2,34,104.50626065356566,104.15500852285253,-0.3512521307131351,"[103.5, 101.7, 101.35, 104.3, 102.9]"
0.2,2,35,105.052309983213,104.86184798657041,-0.19046199664258268,"[105.6, 102.9, 101.6, 105.6, 104.8]"
0.2,2,36,105.75648916680834,105.44439133344667,-0.31209783336166197,"[105.5, 103.9, 101.78, 104.6, 105.2]"
0.2,2,37,105.50348329325892,105.37878663460714,-0.1246966586517857,"[106.1, 104.8, 101.7, 105.9, 105.9]"
0.2,2,38,107.45940771352731,106.89872617082186,-0.5606815427054528,"[105.6, 104.93, 101.8, 105.35, 105.6]"
0.2,2,39,105.16377052636484,105.37901642109188,0.21524589472703326,"[107.5, 106.1, 102.1, 108.2, 107.3]"
0.2,2,40,104.38455019232059,104.39484015385648,0.010289961535889347,"[104.8, 105.48, 102.2, 103.9, 105.8]"
0.2,3,1,104.27050879862372,103.41640703889898,-0.8541017597247418,"[100, 100, 100, 100, 100]"
0.2,3,2,99.1739389709415,100.02243230297705,0.8484933320355452,"[103.41640703889898, 103.41640703889898, 103.4164, 103.41640703889898, 103.41640703889898]"
0.2,3,3,100.10676282456572,99.7556251676992,-0.351137656866527,"[96.62845756705512, 100.87, 101.0, 96.62845756705512, 96.62845756705512]"
0.2,3,4,99.07546699358694,99.27677359486957,0.20130660128262434,"[99.49, 100.3, 101.0, 100.02, 99.6]"
0.2,3,5,98.28081760516615,98.50345408413293,0.22263647896677696,"[98.8, 99.7, 100.62, 98.8, 99.05]"
0.2,3,6,97.95585553853992,98.04468443083195,0.08882889229202817,"[97.75, 98.86, 100.0, 97.44, 97.95]"
0.2,3,7,94.17146354430888,94.98717083544712,0.8157072911382386,"[97.6, 98.45, 99.5, 98.1, 97.6]"
0.2,3,8,93.82942942710429,94.03754354168343,0.2081141145791463,"[93.5, 96.55, 98.8, 91.9, 93.6]"
0.2,3,9,92.31201365698628,92.75361092558903,0.4415972686027487,"[92.7, 95.1, 98.2, 93.4, 93.2]"
0.2,3,10,98.75423433157553,97.62338746526044,-1.1308468663150961,"[91.5, 93.3, 97.7, 91.5, 91.5]"
0.2,3,11,99.3004412288591,99.18635298308729,-0.11408824577181065,"[99.5, 96.55, 97.8, 102.0, 97.8]"
0.2,3,12,98.70122903064494,98.83098322451596,0.1297541938710225,"[100.75, 97.8, 98.1, 100.3, 99.8]"
0.2,3,13,98.24571633781188,98.27257307024952,0.02685673243763631,"[98.5, 98.2, 98.2, 98.4, 98.6]"
0.2,3,14,97.03878299267522,97.21582639414018,0.17704340146495667,"[97.7, 98.37, 98.1, 97.65, 97.8]"
0.2,3,15,95.10748872428609,95.45599097942888,0.3485022551427903,"[96.2, 97.8, 97.9, 96.0, 96.35]"
0.2,3,16,94.46143846906611,94.5911507752529,0.1297123061867893,"[93.7, 96.6, 97.6, 93.35, 94.3]"
0.2,3,17,95.47176988250881,95.36941590600705,-0.10235397650176026,"[93.7, 95.7, 97.3, 94.3, 93.8]"
0.2,3,18,95.11241695053918,95.28393356043135,0.17151660989216566,"[95.8, 95.55, 97.2, 96.1, 95.2]"
0.2,3,19,97.04887352540993,96.73589882032795,-0.31297470508198444,"[95.1, 95.22, 97.1, 95.1, 94.9]"
0.2,3,20,96.75854610169098,96.84283688135278,0.08429077966179932,"[97.5, 96.1, 97.2, 98.2, 96.9]"
0.2,3,21,96.90235782023203,96.90988625618563,0.007528435953602752,"[97.2, 96.3, 97.2, 96.9, 97.1]"
0.2,3,22,100.04501834491562,99.4220146759325,-0.6230036689831167,"[97.1, 96.55, 97.2, 96.7, 97.1]"
0.2,3,23,101.2428796013537,100.90630368108297,-0.33657592027073235,"[100.5, 98.4, 97.6, 101.5, 99.8]"
0.2,3,24,100.32528971128572,100.38823176902858,0.06294205774285899,"[102.4, 99.8, 97.7, 101.8, 101.5]"
0.2,3,25,100.05910129758934,100.02648103807148,-0.03262025951785574,"[100.7, 100.15, 97.93, 100.0, 100.7]"
0.2,3,26,101.2478556523035,100.88628452184281,-0.361571130460689,"[100.0, 99.8, 98.0, 99.7, 99.7]"
0.2,3,27,105.34843529563265,104.36274823650614,-0.9856870591265192,"[101.4, 100.6, 98.1, 101.3, 100.7]"
0.2,3,28,104.88671690851069,104.75897352680857,-0.12774338170211763,"[106.5, 102.84, 98.4, 108.0, 105.5]"
0.2,3,29,104.48146712317586,104.2651736985407,-0.216293424635154,"[105.5, 103.4, 98.6, 104.4, 105.1]"
0.2,3,30,106.7037154964446,105.9573723971557,-0.7463430992889073,"[104.6, 103.56, 98.8, 103.8, 104.1]"
0.2,3,31,104.93349628027934,104.9307970242235,-0.002699256055848309,"[106.7, 105.4, 99.2, 106.8, 106.5]"
0.2,3,32,104.4274295493522,104.29274363948176,-0.13468590987044138,"[105.4, 104.87, 99.2, 104.3, 105.0]"
0.2,3,33,106.3933585627018,105.76668685016145,-0.6266717125403574,"[103.8, 104.5, 99.5, 104.5, 104.0]"
0.2,3,34,107.74315020283156,107.13772016226525,-0.6054300405663042,"[106.3, 105.38, 99.7, 106.8, 105.4]"
0.2,3,35,108.0485312725511,107.66882501804089,-0.3797062545102108,"[108.0, 106.4, 100.3, 108.35, 107.7]"
0.2,3,36,109.61591533936213,108.96513227148972,-0.6507830678724105,"[108.2, 106.81, 100.5, 108.1, 108.2]"
0.2,3,37,103.69141560782167,104.42393248625734,0.7325168784356748,"[110.2, 107.87, 100.3, 109.0, 109.4]"
0.2,3,38,105.937094213569,105.4536753708552,-0.4834188427138031,"[103.5, 105.6, 100.6, 103.1, 104.8]"
0.2,3,39,104.02721753182966,104.22977402546373,0.20255649363406292,"[106.5, 106.1, 100.8, 106.0, 105.8]"
0.2,3,40,100.71353250807509,101.26282600646007,0.5492934983849835,"[103.8, 104.7, 100.8, 103.6, 104.4]"
0.2,4,1,98.80363177513341,99.04290542010673,0.23927364497332348,"[100, 100, 100, 100, 100]"
0.2,4,2,98.55748845749585,98.65457185001804,0.09708339252219389,"[99.04290542010673, 99.04290542010673, 99.04290542010673, 99.04290542010673, 99.04290542010673]"
0.2,4,3,101.99405190399263,101.29134058559129,-0.7027113184013416,"[98.26623827992935, 98.75, 98.85, 98.26623828, 98.27]"
0.2,4,4,103.45093599110197,103.11634879288158,-0.3345871982203903,"[103.93, 100.5, 99.66, 104.8, 100.0]"
0.2,4,5,100.210152514914,100.8069220119312,0.5967694970172062,"[104.9, 102.1, 100.53, 104.2, 104.24]"
0.2,4,6,100.29997450081342,100.22477960065075,-0.07519490016267127,"[98.5, 100.69, 100.63, 98.6, 101.2]"
0.2,4,7,99.15617832348711,99.39374265878969,0.23756433530257937,"[99.6, 100.52, 100.4, 100.7, 100.5]"
0.2,4,8,99.55087264655623,99.479498117245,-0.07137452931122823,"[98.56, 100.1, 100.2, 98.31, 98.8]"
0.2,4,9,96.49633619183842,97.14306895347075,0.6467327616323217,"[99.35, 99.95, 100.1, 99.65, 99.6]"
0.2,4,10,97.06108069735906,97.11926455788725,0.0581838605281888,"[96.5, 98.25, 99.7, 94.81, 97.5]"
0.2,4,11,97.61665229210877,97.62532183368701,0.008669541578242956,"[96.3, 97.9, 99.5, 97.4, 97.2]"
0.2,4,12,100.84257295750032,100.31925836600027,-0.5233145915000534,"[98.13, 97.9, 99.3, 98.1, 97.7]"
0.2,4,13,101.58475935771222,101.42180748616977,-0.16295187154244672,"[101.8, 99.45, 99.6, 103.0, 100.0]"
0.2,4,14,102.73002707720286,102.4640216617623,-0.26600541544056,"[102.5, 100.6, 99.8, 102.3, 101.8]"
0.2,4,15,99.80737886479555,100.29990309183646,0.49252422704090293,"[103.4, 101.3, 100.1, 103.35, 103.2]"
0.2,4,16,104.51145677434423,103.56556541947539,-0.9458913548688344,"[99.6, 100.36, 99.95, 98.4, 100.6]"
0.2,4,17,100.68368678520375,101.114549428163,0.430862642959255,"[104.5, 102.59, 100.5, 104.5, 102.1]"
0.2,4,18,103.02996060133898,102.5239684810712,-0.5059921202677913,"[100.0, 101.35, 100.25, 100.0, 100.9]"
0.2,4,19,102.45480188200905,102.43384150560725,-0.020960376401802705,"[103.2, 102.25, 100.5, 103.2, 102.6]"
0.2,4,20,100.76678764756957,101.03543011805566,0.26864247048608547,"[102.7, 102.25, 100.8, 102.3, 102.5]"
0.2,4,21,99.5522979383942,99.75703835071538,0.20474041232117202,"[100.5, 101.48, 100.5, 99.2, 101.2]"
0.2,4,22,98.32150967895384,98.58800774316309,0.2664980642092445,"[98.8, 100.57, 100.3, 98.6, 100.0]"
0.2,4,23,99.17109608606921,99.05127686885537,-0.11981921721384481,"[97.4, 99.5, 100.16, 97.5, 98.3]"
0.2,4,24,99.05204586758668,99.11363669406936,0.061590826482671446,"[98.7, 99.5, 100.2, 99.5, 98.9]"
0.2,4,25,102.13514130246895,101.60331304197517,-0.5318282604937821,"[99.3, 99.31, 100.12, 99.3, 99.35]"
0.2,4,26,98.56387060951815,99.17309648761453,0.6092258780963817,"[102.7, 100.6, 100.35, 103.5, 100.9]"
0.2,4,27,98.65640445327085,98.78472356261669,0.12831910934583846,"[98.6, 99.34, 100.15, 98.6, 99.8]"
0.2,4,28,97.00883293670077,97.45706634936062,0.44823341265984595,"[98.3, 99.15, 100.0, 99.2, 99.6]"
0.2,4,29,98.62447663241963,98.46278130593572,-0.16169532648390827,"[96.9, 98.35, 99.8, 96.13, 97.9]"
0.2,4,30,94.62845954458277,95.49596763566622,0.867508091083451,"[98.1, 98.78, 99.9, 99.35, 98.7]"
0.2,4,31,94.0742519359436,94.51140154875488,0.4371496128112824,"[94.5, 96.7, 99.7, 94.0, 96.4]"
0.2,4,32,94.56503919440512,94.7660313555241,0.20099216111898954,"[93.55, 95.7, 99.5, 95.2, 93.9]"
0.2,4,33,91.8909429816849,92.66155438534793,0.7706114036630254,"[94.2, 95.5, 99.4, 95.02, 94.6]"
0.2,4,34,93.81331371386727,93.71305097109382,-0.10026274277345237,"[91.5, 93.7, 99.1, 90.56, 91.7]"
0.2,4,35,94.24342397736281,94.36553918189024,0.1221152045274323,"[94.2, 93.97, 98.8, 94.4, 92.9]"
0.2,4,36,96.25666207966022,96.09852966372819,-0.1581324159320303,"[95.2, 94.18, 98.6, 94.75, 94.6]"
0.2,4,37,98.21921657555417,98.00137326044334,-0.21784331511082655,"[97.3, 95.2, 98.8, 97.75, 96.6]"
0.2,4,38,96.40950468085144,96.86560374468115,0.4560990638297113,"[99.7, 96.5, 98.85, 99.8, 98.6]"
0.2,4,39,94.9783411652151,95.37467293217207,0.39633176695697614,"[96.3, 96.8, 98.7, 95.9, 97.1]"
0.2,4,40,94.6875220104606,94.83201760836849,0.14449559790789124,"[93.9, 95.76, 98.79, 93.8, 94.8]"
0.2,5,1,98.50738869364739,98.80591095491792,0.2985222612705343,"[100, 100, 100, 100, 100.0]"
0.2,5,2,96.02843807712556,96.58393265268404,0.5554945755584839,"[98.80591095491792, 98.80591095491792, 98.80591095491792, 98.80591095491792, 98.80591095491792]"
0.2,5,3,95.64822563648325,95.63521503124062,-0.013010605242627094,"[94.36195435045016, 97.14, 97.69, 94.36195435045016, 94.36195435045016]"
0.2,5,4,96.55241774030245,96.38913419224195,-0.16328354806049106,"[94.69, 96.32, 97.01, 95.96, 94.7]"
0.2,5,5,98.87011119229156,98.46728895383326,-0.4028222384582989,"[97.14, 96.55, 96.75, 97.14, 96.7]"
0.2,5,6,99.18641987775821,99.21073590220658,0.024316024448367557,"[100.55, 97.82, 97.3, 101.87, 99.0]"
0.2,5,7,98.19429933680863,98.3614394694469,0.16714013263828065,"[100.4, 98.8, 97.7, 98.8, 99.45]"
0.2,5,8,96.76182580746756,96.96186064597404,0.20003483850648252,"[97.51, 98.0, 97.8, 97.6, 97.9]"
0.2,5,9,98.32000050786179,97.93000040628944,-0.39000010157235465,"[95.5, 97.6, 97.55, 95.2, 96.0]"
0.2,5,10,101.68940628256338,100.96952502605072,-0.7198812565126644,"[98.4, 98.05, 97.6, 98.6, 97.8]"
0.2,5,11,102.34797294679369,102.11157835743495,-0.23639458935873847,"[104.0, 99.83, 98.0, 104.2, 99.8]"
0.2,5,12,99.95418525121615,100.30134820097292,0.34716294975677897,"[103.25, 100.9, 98.7, 102.8, 102.8]"
0.2,5,13,98.15487902893577,98.43590322314863,0.2810241942128613,"[101.2, 99.9, 98.6, 98.7, 99.4]"
0.2,5,14,101.44806688035544,100.68405350428435,-0.764013376071091,"[96.57, 99.2, 98.47, 96.5, 97.4]"
0.2,5,15,101.96245527654105,101.74965622123285,-0.21279905530819576,"[101.8, 100.5923, 98.9, 102.8, 100.4]"
0.2,5,16,98.58922376103189,99.16537900882551,0.576155247793622,"[102.6, 101.2, 98.9, 102.45, 102.2]"
0.2,5,17,98.52280451443247,98.56624361154599,0.04343909711352012,"[98.0, 99.8, 98.9, 97.2, 99.8]"
0.2,5,18,96.35348070331077,96.82038456264861,0.4669038593378474,"[97.8, 99.14, 98.8, 98.8, 98.9]"
0.2,5,19,95.24359407551464,95.5428752604117,0.2992811848970689,"[95.5, 97.95, 98.45, 95.2, 96.6]"
0.2,5,20,94.41289293050808,94.69431434440646,0.2814214138983857,"[94.3, 96.7, 98.3, 95.0, 94.8]"
0.2,5,21,93.16865767074762,93.5849261365981,0.4162684658504787,"[93.4, 95.55, 98.2, 95.1, 94.0]"
0.2,5,22,94.2997881849238,94.25023054793904,-0.049557636984758346,"[92.5, 94.71, 97.8, 92.45, 92.8]"
0.2,5,23,94.27511132665643,94.41608906132515,0.14097773466872354,"[93.8, 94.8, 97.5, 94.8, 94.0]"
0.2,5,24,93.26347935996071,93.63478348796858,0.37130412800786416,"[94.6, 94.5, 97.5, 94.5, 94.5]"
0.2,5,25,94.12478061988132,94.10582449590505,-0.01895612397626678,"[92.8, 93.9, 97.3, 92.95, 93.2]"
0.2,5,26,95.79576348717502,95.57061078974002,-0.2251526974350071,"[93.8, 94.05, 97.2, 94.2, 94.1]"
0.2,5,27,92.79177404425816,93.53741923540653,0.7456451911483697,"[96.8, 95.1, 97.1, 97.8, 95.8]"
0.2,5,28,92.4089089836259,92.72312718690074,0.31421820327483374,"[92.8, 93.9, 97.0, 92.2, 94.0]"
0.2,5,29,90.7046337391474,91.28170699131792,0.5770732521705213,"[92.1, 93.45, 96.9, 93.2, 92.3]"
0.2,5,30,90.48149366933241,90.77919493546594,0.29770126613352943,"[90.5, 92.35, 96.6, 89.9, 90.5]"
0.2,5,31,88.26617498947304,88.96693999157844,0.700765002105399,"[89.6, 91.6, 96.5, 90.95, 90.2]"
0.2,5,32,88.39105466040711,88.67284372832569,0.2817890679185808,"[87.8, 90.0, 95.8, 87.5, 87.9]"
0.2,5,33,88.41247309749815,88.73397847799853,0.32150538050038335,"[87.8, 89.3, 95.8, 88.9, 88.3]"
0.2,5,34,87.96388240895661,88.39190592716528,0.42802351820867557,"[88.4, 89.12, 95.3, 88.85, 88.85]"
0.2,5,35,86.22565653117475,86.9065252249398,0.6808686937650492,"[87.9, 88.75, 95.3, 88.1, 88.1]"
0.2,5,36,85.63070878890373,86.10736703112299,0.47665824221925845,"[85.8, 87.65, 95.0, 85.42, 86.2]"
0.2,5,37,83.86575689900204,84.60220551920163,0.7364486201995959,"[85.5, 86.9, 94.34, 85.5, 85.5]"
0.2,5,38,81.7048377246638,82.55387017973106,0.8490324550672597,"[83.3, 85.55, 94.0, 83.1, 83.8]"
0.2,5,39,82.15510032236631,82.58488025789305,0.42977993552673865,"[81.6, 83.82, 94.3, 80.6, 81.2]"
0.2,5,40,80.43279003354665,81.35023202683733,0.9174419932906801,"[82.3, 83.3, 94.5, 82.7, 82.3]"
0.2,6,1,102.23074876684133,101.78459901347307,-0.44614975336826035,"[100, 100, 100, 100, 100]"
0.2,6,2,106.03426824047796,105.18433439507699,-0.8499338454009688,"[101.78459901347307, 101.78459901347307, 101.78459901347307, 101.78459901347307, 101.78459901347307]"
0.2,6,3,100.85627568582095,102.03910892185849,1.1828332360375384,"[108.5840697766809, 104.3, 103.8, 108.5840697766809, 108.5840697766809]"
0.2,6,4,100.67899510689469,100.78745931658776,0.10846420969306791,"[98.8939, 102.52, 103.0026807768, 98.89, 102.8]"
0.2,6,5,102.84382519885402,102.52626015908322,-0.3175650397707983,"[99.5, 101.73, 102.45, 101.2, 101.4]"
0.2,6,6,105.7686766675794,105.24414133406353,-0.5245353335158711,"[104.27, 102.49, 102.47, 104.0, 102.5]"
0.2,6,7,107.2679791514763,106.89438332118104,-0.3735958302952582,"[107.96, 103.9, 103.2, 108.94, 103.0]"
0.2,6,8,110.63898778468884,109.84719022775107,-0.791797556937766,"[108.7, 105.2, 103.8, 107.5, 108.2]"
0.2,6,9,111.39380220174642,111.05104176139716,-0.34276044034926656,"[112.5, 107.4, 104.8, 112.8, 110.9]"
0.2,6,10,112.74143748875406,112.28714999100325,-0.454287497750812,"[112.3, 109.8, 105.6, 112.35, 112.3]"
0.2,6,11,113.25838335128775,112.91390668103021,-0.34447667025753503,"[113.6, 110.68, 106.4, 113.5, 113.5]"
0.2,6,12,110.96275592158683,111.14620473726947,0.18344881568263816,"[113.6, 111.8, 107.0, 113.4, 113.6]"
0.2,6,13,109.20884229674779,109.37907383739824,0.1702315406504482,"[110.2, 111.3, 107.2, 109.8, 111.8]"
0.2,6,14,110.15117256597536,109.74853805278029,-0.4026345131950677,"[107.61, 110.27, 107.3, 107.61, 107.9]"
0.2,6,15,108.98931112356843,109.12824889885475,0.13893777528632256,"[110.12, 110.5, 107.7, 110.2, 109.9]"
0.2,6,16,111.90841816706165,111.25873453364933,-0.649683633412323,"[108.5, 109.8, 107.6, 108.7, 108.7]"
0.2,6,17,114.95360058031164,114.17488046424933,-0.778720116062317,"[112.3, 110.6, 108.2, 113.4, 110.8]"
0.2,6,18,119.28365360768366,118.19092288614695,-1.0927307215367108,"[115.8, 112.5, 108.3, 117.0, 115.5]"
0.2,6,19,119.3407472684061,119.0565978147249,-0.28414945368120925,"[121.8, 115.7, 109.5, 121.5, 121.1]"
0.2,6,20,122.81228100253269,121.72582480202615,-1.0864562005065324,"[120.8, 116.8, 109.5, 119.7, 120.1]"
0.2,6,21,120.72800902367084,120.67040721893669,-0.05760180473414778,"[124.0, 120.3, 110.5, 124.4, 123.0]"
0.2,6,22,118.89180305135517,118.88544244108414,-0.006360610271030964,"[121.8, 119.8, 111.3, 119.8, 121.6]"
0.2,6,23,119.20443050327168,118.68754440261735,-0.5168861006543324,"[117.2, 119.3, 111.2, 117.2, 118.2]"
0.2,6,24,119.99721561713224,119.4697724937058,-0.527443123426437,"[117.7, 119.25, 112.5, 119.15, 118.2]"
0.2,6,25,116.33672325119531,116.75057860095626,0.41385534976095073,"[120.25, 119.68, 111.8, 120.2, 120.1]"
0.2,6,26,112.49112042944427,113.02169634355542,0.5305759141111537,"[114.5, 117.82, 112.0, 114.5, 116.9]"
0.2,6,27,113.40617658797805,113.00894127038245,-0.3972353175956016,"[110.5, 114.9, 111.9, 109.0, 110.8]"
0.2,6,28,111.57891468922048,111.80713175137639,0.2282170621559061,"[111.5, 114.6, 111.9, 113.4, 112.2]"
0.2,6,29,114.42267149476788,113.79813719581432,-0.6245342989535629,"[110.0, 113.3, 111.7, 110.7, 110.8]"
0.2,6,30,115.44453066875388,115.14122453500312,-0.3033061337507661,"[114.8, 113.74, 112.0, 115.5, 113.6]"
0.2,6,31,116.27218358945612,116.01374687156489,-0.2584367178912288,"[116.4, 114.4, 112.2, 116.2, 115.7]"
0.2,6,32,116.87473326739638,116.61978661391711,-0.2549466534792657,"[117.2, 115.2, 112.4, 116.6, 116.6]"
0.2,6,33,119.10580398995555,118.49984319196444,-0.6059607979911021,"[117.4, 116.1, 112.58, 116.9, 117.4]"
0.2,6,34,118.86058888147097,118.67447110517678,-0.18611777629419635,"[119.8, 117.25, 112.8, 120.4, 119.4]"
0.2,6,35,121.59111557176003,120.77289245740803,-0.8182231143519942,"[119.2, 117.8, 112.9, 118.3, 119.3]"
0.2,6,36,120.43926701956227,120.30541361564983,-0.13385340391243972,"[121.8, 119.45, 113.5, 122.8, 121.3]"
0.2,6,37,120.0184718948843,119.81077751590743,-0.2076943789768677,"[120.6, 119.7, 114.2, 119.8, 120.6]"
0.2,6,38,118.514528861714,118.49362308937121,-0.020905772342786122,"[119.3, 119.76, 113.8, 119.29, 119.9]"
0.2,6,39,120.05966134814061,119.44172907851248,-0.6179322696281275,"[117.3, 119.05, 113.8, 116.9, 117.8]"
0.2,6,40,120.26606323379646,119.95765058703716,-0.3084126467592938,"[120.4, 119.52, 114.0, 120.1, 119.6]"
0.2,7,1,100.10251281521916,100.08201025217534,-0.020502563043820032,"[100, 100, 100, 100, 100]"
0.2,7,2,100.80315954166508,100.65892968376713,-0.14422985789795462,"[100.08201025217534, 100.08201025217534, 100.08201025217534, 100.08201025217534, 100.08201025217534]"
0.2,7,3,100.35229477542917,100.46793771418642,0.1156429387572473,"[101.23584911535892, 100.515, 100.43, 101.23584911535892, 101.23584911535892]"
0.2,7,4,98.67929091390846,99.01750873112678,0.33821781721832167,"[100.2769, 100.435, 100.41, 100.28, 100.45]"
0.2,7,5,97.88386160319668,98.06908928255734,0.18522767936066487,"[97.57, 99.71, 100.06, 97.5, 99.21]"
0.2,7,6,96.05767181075333,96.46833744860268,0.4106656378493483,"[97.12, 98.865, 99.5, 97.62, 97.45]"
0.2,7,7,96.26950780949738,96.23680624759791,-0.032701561899472154,"[94.87, 96.95, 99.1, 94.21, 95.4]"
0.2,7,8,98.98377383874679,98.49701907099744,-0.48675476774934623,"[95.4, 96.85, 98.5, 96.1, 95.9]"
0.2,7,9,98.11220823924421,98.33376659139537,0.22155835215116326,"[99.75, 98.1, 98.65, 100.8, 98.8]"
0.2,7,10,96.99915893719948,97.23292714975959,0.2337682125601077,"[98.17, 97.8, 98.6, 98.17, 98.1]"
0.2,7,11,98.05211751817751,97.84929401454201,-0.20282350363549995,"[96.8, 97.29, 98.3, 96.1, 96.7]"
0.2,7,12,98.85329564133647,98.65703651306919,-0.1962591282672861,"[97.4, 97.91, 98.35, 98.1, 97.6]"
0.2,7,13,99.16103788292212,99.1108303063377,-0.05020757658441255,"[99.4, 98.4, 98.5, 99.4, 98.85]"
0.2,7,14,97.43015993446934,97.77412794757548,0.3439680131061351,"[99.65, 98.7, 98.6, 99.3, 99.5]"
0.2,7,15,97.47059828922575,97.4944786313806,0.023880342154853906,"[97.3, 97.95, 98.4, 96.6, 97.7]"
0.2,7,16,98.93438379155063,98.68150703324052,-0.2528767583101086,"[97.2, 97.85, 98.35, 97.6, 97.35]"
0.2,7,17,96.40639614450534,96.88031691560428,0.47392077109894615,"[99.2, 98.43, 98.45, 99.4, 98.4]"
0.2,7,18,95.62365572225119,95.91212457780095,0.2884688555497661,"[96.3, 97.43, 98.2, 96.2, 97.2]"
0.2,7,19,92.14798150672213,92.95798520537771,0.8100036986555779,"[94.6, 96.49, 98.1, 96.2, 95.6]"
0.2,7,20,89.89164716523487,90.56451773218791,0.672870566953037,"[91.5, 94.38, 97.7, 90.2, 92.5]"
0.2,7,21,86.72743969858602,87.61275175886882,0.8853120602828,"[89.0, 91.97, 97.2, 88.3, 89.3]"
0.2,7,22,86.40698360216622,86.737586881733,0.33060327956677327,"[84.8, 89.8, 96.5, 84.1, 85.1]"
0.2,7,23,84.32847347695457,85.10677878156366,0.7783053046090913,"[85.5, 88.1, 95.8, 85.9, 85.8]"
0.2,7,24,84.87205259204676,85.18964207363742,0.3175894815906588,"[83.1, 86.5, 95.7, 83.5, 83.5]"
0.2,7,25,85.22372696349068,85.58418157079254,0.3604546073018611,"[84.9, 85.58, 94.5, 85.45, 84.7]"
0.2,7,26,84.99065095358596,85.50532076286876,0.5146698092828075,"[85.9, 85.82, 94.5, 85.8, 85.8]"
0.2,7,27,80.8993724917874,82.15989799342992,1.260525501642519,"[85.65, 85.56, 94.0, 85.4, 85.4]"
0.2,7,28,80.11252505086837,80.8380200406947,0.7254949898263305,"[80.5, 83.4, 94.1, 79.2, 81.5]"
0.2,7,29,80.11492694785612,80.6299415582849,0.5150146104287785,"[79.5, 82.05, 92.6, 79.8, 79.5]"
0.2,7,30,80.37702449336855,80.88321959469484,0.5061951013262842,"[79.8, 81.79, 92.2, 80.85, 79.9]"
0.2,7,31,78.03251938745412,79.0460155099633,1.0134961225091814,"[80.2, 81.0, 92.5, 81.1, 80.7]"
0.2,7,32,77.36779351228017,78.12223480982414,0.7544412975439627,"[78.2, 79.7, 91.5, 77.8, 78.5]"
0.2,7,33,75.94430236154115,76.86744188923292,0.9231395276917738,"[77.2, 79.0, 91.5, 77.7, 77.4]"
0.2,7,34,74.8004172488485,75.67233379907881,0.8719165502303099,"[75.8, 78.0, 90.8, 75.6, 75.6]"
0.2,7,35,76.4809305288429,76.81274442307434,0.3318138942314306,"[74.5, 76.8, 90.5, 74.5, 74.4]"
0.2,7,36,75.33092507928669,76.17874006342936,0.8478149841426728,"[77.5, 77.1, 89.5, 77.45, 76.3]"
0.2,7,37,75.35726280510916,76.01381024408734,0.6565474389781798,"[75.5, 76.4, 90.0, 75.7, 75.6]"
0.2,7,38,76.77876506468851,77.12941205175082,0.350646987062305,"[75.8, 76.16, 89.0, 75.9, 75.8]"
0.2,7,39,75.96373814198488,76.69459051358791,0.7308523716030351,"[78.24, 76.75, 88.5, 77.8, 76.8]"
0.2,7,40,75.87005374415253,76.44004299532202,0.5699892511694884,"[76.3, 76.6, 88.0, 76.3, 76.4]"
0.2,8,1,96.67983585517935,97.34386868414349,0.6640328289641388,"[100, 100, 100, 100, 100]"
0.2,8,2,94.22372448493383,94.84775332477575,0.6240288398419267,"[97.34386868414349, 97.34386868414349, 97.34386868414349, 97.34386868414349, 97.34386868414349]"
0.2,8,3,91.78509016968498,92.1690671743643,0.3839770046793234,"[92.35163796540802, 95.47, 96.0, 92.351638, 92.3516]"
0.2,8,4,91.23307769598829,91.217974501307,-0.015103194681287846,"[89.49, 93.48, 94.2, 89.3078086129091, 89.31]"
0.2,8,5,87.19664834482937,87.9993186758635,0.8026703310341361,"[90.25, 92.3, 93.5, 90.9, 89.1]"
0.2,8,6,86.9547570813062,87.06780566504497,0.1130485837387738,"[84.8, 89.8, 92.5, 84.8, 85.7]"
0.2,8,7,85.3912268377344,85.76098147018752,0.3697546324531231,"[85.0, 87.8, 91.5, 86.7, 85.2]"
0.2,8,8,87.01803264677032,86.79362611741625,-0.22440652935407002,"[83.83, 86.5, 90.5, 84.45, 84.2]"
0.2,8,9,88.78807174063353,88.58565739250682,-0.2024143481267089,"[87.83, 86.9, 90.2, 87.75, 86.2]"
0.2,8,10,91.386473787527,91.0703790300216,-0.31609475750539673,"[90.38, 87.95, 90.0, 91.1, 89.6]"
0.2,8,11,92.89286878247428,92.73669502597943,-0.15617375649485155,"[93.8, 89.46, 90.4, 93.4, 93.5]"
0.2,8,12,92.88724005620318,92.88579204496256,-0.0014480112406261014,"[94.5, 91.3, 90.7, 93.9, 94.0]"
0.2,8,13,94.59287582126319,94.20030065701057,-0.3925751642526194,"[94.2, 92.35, 90.9, 92.6, 93.1]"
0.2,8,14,97.58187682480255,96.89950145984204,-0.6823753649605067,"[95.5, 93.55, 91.2, 95.5, 95.1]"
0.2,8,15,96.41096088100662,96.4887687048053,0.07780782379867901,"[98.5, 95.8, 91.8, 99.8, 98.1]"
0.2,8,16,97.69270805218179,97.27136644174543,-0.4213416104363574,"[97.2, 95.75, 92.2, 96.08, 96.7]"
0.2,8,17,97.70702337313293,97.48561869850636,-0.22140467462656943,"[98.0, 96.4, 92.5, 98.1, 98.0]"
0.2,8,18,100.66254439087038,99.85403551269631,-0.8085088781740666,"[97.8, 97.2, 92.8, 97.6, 97.7]"
0.2,8,19,99.09072827810606,99.14058262248486,0.049854344378800874,"[101.5, 98.7, 93.5, 102.2, 100.8]"
0.2,8,20,98.59346145002758,98.47276916002207,-0.12069229000550763,"[99.6, 98.85, 93.5, 98.7, 99.3]"
0.2,8,21,99.40990110248961,98.98792088199168,-0.4219802204979288,"[97.8, 98.6, 94.0, 97.9, 98.2]"
0.2,8,22,100.02437664374105,99.65910131499285,-0.3652753287481971,"[99.3, 98.89, 94.2, 99.45, 99.15]"
0.2,8,23,96.89471372338242,97.29777097870594,0.40305725532351744,"[100.25, 99.45, 94.5, 100.3, 100.05]"
0.2,8,24,97.69282019961067,97.45825615968855,-0.2345640399221196,"[96.4, 98.0, 94.4, 96.0, 97.8]"
0.2,8,25,97.55907716257146,97.46926173005717,-0.08981543251428548,"[97.7, 97.95, 94.5, 97.6, 97.8]"
0.2,8,26,97.18954628172551,97.16443702538042,-0.025109256345089648,"[97.7, 97.82, 94.8, 97.4, 97.6]"
0.2,8,27,96.98507725153304,96.90806180122644,-0.07701545030660384,"[96.8, 97.55, 94.8, 96.85, 97.0]"
0.2,8,28,97.50820789531265,97.27976631625013,-0.22844157906251894,"[96.5, 97.08, 94.7, 96.75, 96.8]"
0.2,8,29,94.12358424386898,94.66766739509518,0.5440831512262037,"[97.1, 97.27, 94.9, 97.65, 97.3]"
0.2,8,30,97.18904274324841,96.65763419459874,-0.5314085486496651,"[93.5, 95.6, 94.66, 93.8, 95.1]"
0.2,8,31,95.62450758230092,95.82560606584073,0.20109848353980908,"[97.1, 96.55, 94.9, 97.8, 96.8]"
0.2,8,32,91.52405057008633,92.32324045606907,0.7991898859827415,"[95.2, 96.05, 94.9, 95.35, 96.1]"
0.2,8,33,91.4655405765407,91.66603246123256,0.20049188469185708,"[90.8, 93.84, 94.4, 90.5, 92.8]"
0.2,8,34,94.26518279121152,93.81414623296922,-0.4510365582422935,"[90.5, 92.45, 94.2, 92.1, 90.8]"
0.2,8,35,93.38585464379355,93.59268371503484,0.20682907124128747,"[94.5, 93.5, 94.5, 95.4, 94.2]"
0.2,8,36,96.42498967086873,95.83999173669498,-0.5849979341737424,"[93.2, 93.25, 94.4, 93.35, 93.3]"
0.2,8,37,99.57431372412277,98.86745097929823,-0.7068627448245479,"[96.8, 95.0, 94.8, 97.1, 96.5]"
0.2,8,38,97.96885270896802,98.10788216717441,0.13902945820639445,"[100.2, 97.22, 94.8, 101.9, 99.2]"
0.2,8,39,93.34918901218566,94.19135120974853,0.842162197562871,"[98.6, 97.3, 95.1, 98.4, 98.4]"
0.2,8,40,91.16249078344345,91.65399262675476,0.49150184331131186,"[92.8, 95.3, 94.7, 90.5, 94.8]"
0.4,1,1,100.79430639137112,100.47658383482266,-0.3177225565484605,"[100, 100, 100, 100, 100]"
0.4,1,2,102.56679375089921,101.73070978446859,-0.8360839664306212,"[100.47658383482266, 100.47658383482266, 100.47658383482266, 100.47658383482266, 100.47658383482266]"
0.4,1,3,103.35017446479658,102.92806525506427,-0.42210920973231225,"[102.9848357341, 101.42, 101.1, 102.98483573411453, 102.98483573411453]"
0.4,1,4,100.79208488531063,101.79125093118637,0.9991660458757394,"[104.13, 102.3, 101.8, 104.07, 104.15]"
0.4,1,5,102.73644750591856,102.17102050355115,-0.5654270023674144,"[100.6544, 101.76, 101.75, 100.65, 101.8]"
0.4,1,6,103.76144210422284,103.1692412625337,-0.5922008416891344,"[102.55, 102.0, 101.8547, 102.5, 102.5]"
0.4,1,7,102.7558076237336,103.03748457424015,0.28167695050655084,"[104.2, 102.75, 102.1, 104.5, 103.75]"
0.4,1,8,104.06104891825456,103.62702935095274,-0.43401956730181723,"[103.45, 102.83, 102.3, 102.9, 103.4]"
0.4,1,9,104.92745259309471,104.38047155585683,-0.5469810372378845,"[104.1, 103.2, 102.5, 104.15, 103.85]"
0.4,1,10,105.65212248156105,105.15527348893663,-0.4968489926244217,"[105.05, 103.9, 102.8, 105.25, 105.05]"
0.4,1,11,105.81796202754815,105.51557721652888,-0.30238481101926595,"[105.9, 104.6, 103.1, 105.91, 105.8]"
0.4,1,12,107.08838678173285,106.3514320690397,-0.7369547126931479,"[106.1, 104.93, 103.3, 105.85, 106.05]"
0.4,1,13,105.62820795881078,105.80732477528647,0.17911681647569822,"[107.05, 105.68, 103.6, 107.1, 106.95]"
0.4,1,14,105.38994757039683,105.4419685422381,0.05202097184127297,"[106.3, 105.85, 103.7, 105.5, 106.25]"
0.4,1,15,104.48305145423976,104.72423087254384,0.2411794183040854,"[105.08, 105.55, 103.8, 105.7, 105.3]"
0.4,1,16,105.8477557796195,105.2262534677717,-0.6215023118478058,"[104.05, 105.15, 103.9, 104.05, 104.32]"
0.4,1,17,106.0378639720986,105.72271838325916,-0.3151455888394423,"[105.7, 105.3, 104.0, 105.65, 105.6]"
0.4,1,18,105.52491673287437,105.55815003972462,0.03323330685024928,"[106.22, 105.55, 103.96, 106.19, 106.12]"
0.4,1,19,103.9914759066535,104.48928554399211,0.49780963733860517,"[105.4, 105.48, 104.2, 105.4, 105.7]"
0.4,1,20,103.56144297890188,103.76886578734113,0.20742280843924732,"[103.95, 104.75, 104.1, 103.4, 104.2]"
0.4,1,21,103.6819387864623,103.61876327187738,-0.06317551458491266,"[103.1, 104.35, 104.02, 103.05, 103.1]"
0.4,1,22,103.21517368164648,103.34510420898789,0.12993052734141486,"[103.0, 104.05, 103.95, 103.5, 103.2]"
0.4,1,23,106.02735748843239,104.96681449305945,-1.0605429953729413,"[102.98, 103.75, 103.95, 103.05, 103.15]"
0.4,1,24,108.29203836099185,106.93522301659512,-1.3568153443967361,"[105.5, 104.5, 104.1, 105.7, 104.7]"
0.4,1,25,102.67907907235086,104.43144744341052,1.75236837105966,"[108.5, 105.8, 104.4, 109.2, 107.4]"
0.4,1,26,98.97112314020644,100.97467388412386,2.0035507439174154,"[103.5, 104.6, 104.2, 102.8, 104.8]"
0.4,1,27,98.72445436026383,99.4146726161583,0.6902182558944645,"[98.0, 102.55, 103.8, 96.5, 101.4]"
0.4,1,28,97.99229685502732,98.71457811301639,0.7222812579890672,"[96.9, 100.99, 103.7, 98.8, 98.6]"
0.4,1,29,98.51036115244918,98.73821669146952,0.2278555390203394,"[98.0, 100.1, 100.0, 99.1, 98.2]"
0.4,1,30,99.03845119439917,99.3030707166395,0.2646195222403236,"[98.0, 99.8, 103.2, 98.9, 98.6]"
0.4,1,31,103.42688580503518,102.1833314830211,-1.2435543220140772,"[99.8, 99.37, 102.97, 99.85, 99.6]"
0.4,1,32,101.25322228108585,101.9919333686515,0.7387110875656475,"[103.5, 101.0, 103.2, 105.0, 102.8]"
0.4,1,33,100.59196969116998,101.09678181470198,0.5048121235320053,"[101.8, 101.1, 103.17, 101.6, 101.6]"
0.4,1,34,104.89164474184255,103.40698684510554,-1.4846578967370192,"[100.2, 101.2, 103.0, 100.2, 101.3]"
0.4,1,35,106.36344144357369,105.32046486614422,-1.0429765774294708,"[104.5, 102.6, 103.28, 104.6, 103.8]"
0.4,1,36,107.89118682827358,106.87071209696416,-1.0204747313094202,"[106.5, 104.2, 103.5, 106.9, 105.6]"
0.4,1,37,106.8945743632761,106.73434461796566,-0.16022974531044554,"[107.8, 105.32, 103.7, 108.2, 107.45]"
0.4,1,38,103.53208441414066,104.5512506484844,1.0191662343437429,"[107.25, 106.1, 103.7, 106.55, 106.8]"
0.4,1,39,103.983356625852,103.83001397551119,-0.15334265034080374,"[102.8, 105.2, 103.6, 102.2, 104.2]"
0.4,1,40,104.31457940961906,104.03354764577145,-0.28103176384760786,"[102.9, 104.7, 103.56, 103.5, 103.4]"
0.4,2,1,100.47925151762907,100.28755091057744,-0.1917006070516294,"[100, 100, 100, 100, 100]"
0.4,2,2,99.5337004485136,99.83524063333914,0.3015401848255408,"[100.28755091057744, 100.28755091057744, 100.28755091057744, 100.28755091057744, 100.28755091057744]"
0.4,2,3,98.81357695903948,99.14084703239982,0.32727007336033864,"[99.38293035610084, 99.95, 100.06, 99.38293035610084, 99.3829]"
0.4,2,4,94.19863266785303,96.05552360071181,1.856890932858775,"[98.45, 99.45, 99.65, 98.2043, 98.45]"
0.4,2,5,97.74869163113075,96.54041497867846,-1.208276652452298,"[92.97, 96.9, 98.6, 90.57, 94.6]"
0.4,2,6,100.11135649343154,98.93321389605893,-1.178142597372613,"[97.03, 97.2, 98.0, 96.9, 96.7]"
0.4,2,7,99.56141347650819,99.67124808590492,0.10983460939672796,"[101.33, 98.3, 98.55, 101.7, 99.3]"
0.4,2,8,101.21538858056931,100.5452331483416,-0.6701554322277161,"[100.4, 99.1, 98.75, 99.4, 100.05]"
0.4,2,9,101.8880865009274,101.37685190055645,-0.5112346003709547,"[101.7, 99.9, 98.95, 101.4, 101.1]"
0.4,2,10,100.86657087841965,101.0319425270518,0.1653716486321457,"[102.2, 100.6, 99.25, 102.15, 102.2]"
0.4,2,11,102.96096255367249,102.03817753220349,-0.9227850214689965,"[101.4, 100.67, 99.5, 100.7, 101.0]"
0.4,2,12,102.42581506963579,102.21468904178147,-0.2111260278543199,"[102.7, 101.49, 99.75, 103.05, 102.5]"
0.4,2,13,101.85622937406664,101.84653762443999,-0.0096917496266542,"[102.76, 101.85, 99.95, 102.15, 102.45]"
0.4,2,14,100.35554877506388,100.82372926503832,0.4681804899744435,"[102.2, 101.78, 100.15, 101.5, 102.0]"
0.4,2,15,101.37419071887888,100.95251443132733,-0.4216762875515485,"[100.2, 101.2, 100.15, 99.45, 100.6]"
0.4,2,16,101.2744915234286,101.11669491405715,-0.15779660937144513,"[100.7, 101.2, 100.2, 101.1, 101.2]"
0.4,2,17,102.48744903113526,101.91886941868115,-0.5685796124541014,"[101.35, 101.25, 100.25, 101.28, 101.2]"
0.4,2,18,101.35169820532278,101.53101892319367,0.179320717870894,"[102.3, 101.6, 100.4, 102.6, 102.1]"
0.4,2,19,101.71076881980727,101.49046129188436,-0.22030752792291253,"[101.2, 101.4, 100.4, 101.2, 101.6]"
0.4,2,20,100.01175255980364,100.5310515358822,0.5192989760785593,"[101.4, 101.45, 100.5, 101.6, 101.6]"
0.4,2,21,101.81088300285855,101.21132980171512,-0.5995532011434221,"[100.1, 100.95, 100.41, 99.7, 100.4]"
0.4,2,22,102.29672981895945,101.85643789137566,-0.440291927583786,"[101.5, 101.18, 100.5, 101.6, 101.2]"
0.4,2,23,103.07832395819347,102.55099437491609,-0.5273295832773783,"[102.4, 101.65, 100.6, 102.45, 101.7]"
0.4,2,24,104.03206867863764,103.37444120718258,-0.6576274714550578,"[103.2, 102.04, 100.65, 103.25, 102.8]"
0.4,2,25,102.05215991424461,102.46729594854676,0.41513603430215085,"[103.9, 102.8, 100.8, 104.25, 103.7]"
0.4,2,26,103.76696607855433,103.1225796471326,-0.6443864314217365,"[102.9, 102.38, 100.85, 101.85, 102.8]"
0.4,2,27,108.2325042838555,106.1299025703133,-2.1026017135421995,"[103.7, 102.98, 101.1, 103.65, 103.45]"
0.4,2,28,104.8481256304665,104.9488753782799,0.10074974781339563,"[106.8, 105.0, 101.2, 107.5, 105.0]"
0.4,2,29,101.38494930225067,102.4589695813504,1.0740202790997273,"[103.8, 104.5, 101.45, 105.3, 105.3]"
0.4,2,30,98.4774928310764,99.70649569864585,1.2290028675694487,"[100.6, 103.25, 101.4, 99.8, 102.7]"
0.4,2,31,100.24901099588598,99.76140659753159,-0.4876043983543923,"[97.0, 101.15, 101.0, 96.9, 99.1]"
0.4,2,32,100.60797349413312,100.49678409647987,-0.11118939765324853,"[99.6, 100.9, 101.0, 100.05, 100.1]"
0.4,2,33,102.90419016143444,102.16491409686066,-0.7392760645737866,"[101.2, 100.98, 101.0, 101.25, 100.85]"
0.4,2,34,104.50626065356566,103.7037563921394,-0.8025042614262645,"[102.8, 101.55, 101.25, 104.3, 102.6]"
0.4,2,35,105.052309983213,104.4873859899278,-0.5649239932851913,"[105.2, 102.45, 101.35, 105.1, 104.1]"
0.4,2,36,105.75648916680834,105.053893500085,-0.7025956667233402,"[105.2, 103.3, 101.5, 105.1, 104.9]"
0.4,2,37,105.50348329325892,105.07568997595536,-0.42779331730356773,"[105.62, 104.2, 101.6, 105.35, 105.4]"
0.4,2,38,107.45940771352731,106.2276446281164,-1.2317630854109183,"[105.5, 104.6, 101.7, 104.9, 105.2]"
0.4,2,39,105.16377052636484,105.3182623158189,0.15449178945405606,"[106.9, 105.7, 101.8, 106.85, 106.5]"
0.4,2,40,104.38455019232059,104.39873011539235,0.014179923071765188,"[104.5, 105.4, 102.0, 104.6, 105.6]"
0.4,3,1,104.27050879862372,102.56230527917424,-1.7082035194494836,"[100, 100, 100, 100, 100]"
0.4,3,2,99.1739389709415,100.5292854942346,1.3553465232930932,"[102.56230527917424, 102.56230527917424, 102.56230527917424, 102.56230527917424, 102.56230527917424]"
0.4,3,3,100.10676282456572,99.91036420822664,-0.1963986163390814,"[98.49626570929496, 101.04, 101.55, 98.49626570929496, 98.4963]"
0.4,3,4,99.07546699358694,99.50492819615218,0.42946120256523557,"[99.29, 100.45, 100.8, 100.7056, 99.5]"
0.4,3,5,98.28081760516615,98.82289056309969,0.5420729579335415,"[99.1, 99.95, 100.63, 99.3, 99.2]"
0.4,3,6,97.95585553853992,98.31271332312394,0.3568577845840224,"[98.25, 99.55, 100.1, 98.14, 98.2]"
0.4,3,7,94.17146354430888,95.84047812658534,1.6690145822764606,"[97.8, 98.7, 99.5, 97.97, 97.75]"
0.4,3,8,93.82942942710429,94.63125765626258,0.8018282291582892,"[94.8, 96.8, 99.0, 93.37, 95.2]"
0.4,3,9,92.31201365698628,93.38720819419177,1.0751945372054905,"[93.55, 95.75, 98.4, 93.7, 93.6]"
0.4,3,10,98.75423433157553,96.74054059894532,-2.013693732630216,"[92.1, 94.4, 97.8, 92.1, 92.2]"
0.4,3,11,99.3004412288591,98.71626473731547,-0.58417649154363,"[99.5, 96.2, 97.9, 99.5, 96.1]"
0.4,3,12,98.70122903064494,98.91673741838696,0.21550838774201964,"[100.5, 97.8, 98.2, 100.2, 99.5]"
0.4,3,13,98.24571633781188,98.39542980268713,0.14971346487524784,"[99.2, 97.7, 98.2, 98.7, 99.3]"
0.4,3,14,97.03878299267522,97.41926979560513,0.38048680292990866,"[97.9, 97.8, 98.2, 97.85, 98.2]"
0.4,3,15,95.10748872428609,95.87889323457165,0.7714045102855636,"[96.5, 97.73, 98.05, 96.1, 96.8]"
0.4,3,16,94.46143846906611,94.95686308143966,0.4954246123735544,"[94.8, 96.8, 97.7, 94.2, 95.0]"
0.4,3,17,95.47176988250881,95.43506192950528,-0.03670795300352836,"[94.2, 95.8, 97.5, 95.3, 94.1]"
0.4,3,18,95.11241695053918,95.47625017032351,0.3638332197843255,"[95.91, 95.7, 97.4, 95.8, 95.3]"
0.4,3,19,97.04887352540993,96.59732411524595,-0.4515494101639774,"[95.7, 95.65, 97.5, 95.35, 95.4]"
0.4,3,20,96.75854610169098,96.8911276610146,0.1325815593236115,"[97.5, 96.1, 97.4, 97.65, 96.8]"
0.4,3,21,96.90235782023203,96.94541469213922,0.04305687190719709,"[97.2, 96.4, 97.3, 97.05, 97.1]"
0.4,3,22,100.04501834491562,98.83261100694936,-1.2124073379662548,"[97.1, 96.6, 97.35, 96.97, 97.05]"
0.4,3,23,101.2428796013537,100.34492776081223,-0.8979518405414808,"[99.8, 97.89, 97.6, 100.5, 99.2]"
0.4,3,24,100.32528971128572,100.29917382677144,-0.02611588451428304,"[101.8, 99.3, 97.8, 101.6, 100.8]"
0.4,3,25,100.05910129758934,99.93946077855361,-0.11964051903572681,"[100.8, 99.5, 98.0, 100.2, 100.3]"
0.4,3,26,101.2478556523035,100.4767133913821,-0.771142260921394,"[99.6, 99.6, 98.0, 99.6, 99.8]"
0.4,3,27,105.34843529563265,103.2674611773796,-2.080974118253053,"[100.9, 100.23, 98.1, 100.85, 100.65]"
0.4,3,28,104.88671690851069,104.00403014510641,-0.8826867634042799,"[104.2, 102.1, 98.5, 104.8, 103.8]"
0.4,3,29,104.48146712317586,103.88088027390552,-0.6005868492703428,"[104.8, 102.8, 98.5, 104.2, 104.6]"
0.4,3,30,106.7037154964446,105.10222929786676,-1.6014861985778452,"[104.2, 103.1, 98.7, 103.7, 103.8]"
0.4,3,31,104.93349628027934,104.6480977681676,-0.2853985121117404,"[105.8, 104.6, 99.2, 105.9, 105.6]"
0.4,3,32,104.4274295493522,104.08845772961132,-0.33897181974087687,"[105.2, 104.4, 99.1, 104.3, 104.9]"
0.4,3,33,106.3933585627018,104.99361513762108,-1.3997434250807288,"[103.6, 104.22, 99.4, 103.55, 103.7]"
0.4,3,34,107.74315020283156,106.26989012169894,-1.4732600811326222,"[105.3, 104.7, 99.5, 105.6, 105.2]"
0.4,3,35,108.0485312725511,106.96111876353066,-1.0874125090204387,"[107.0, 105.6, 99.7, 107.55, 106.8]"
0.4,3,36,109.61591533936213,108.05354920361728,-1.5623661357448526,"[107.6, 106.2, 99.9, 107.5, 107.35]"
0.4,3,37,103.69141560782167,104.97884936469299,1.287433756871323,"[109.0, 107.2, 100.4, 109.15, 108.8]"
0.4,3,38,105.937094213569,105.0422565281414,-0.8948376854276034,"[103.5, 105.5, 100.2, 103.8, 105.5]"
0.4,3,39,104.02721753182966,104.1683305190978,0.14111298726813004,"[105.25, 105.55, 100.5, 105.3, 105.3]"
0.4,3,40,100.71353250807509,101.76011950484505,1.0465869967699604,"[103.7, 104.75, 100.8, 103.6, 103.8]"
0.4,4,1,98.80363177513341,99.28217906508004,0.47854728994663276,"[100, 100, 100, 100, 100]"
0.4,4,2,98.55748845749585,98.84736470052952,0.28987624303367454,"[99.28217906508004, 99.28217906508004, 99.28217906508004, 99.28217906508004, 99.28217906508004]"
0.4,4,3,101.99405190399263,100.6574271961538,-1.3366247078388227,"[98.412550335979, 98.96, 99.0648, 98.412549999999, 98.412550336]"
0.4,4,4,103.45093599110197,102.7313500941607,-0.7195858969412683,"[102.46748969177798, 100.13, 99.6, 104.7123665519661, 101.35]"
0.4,4,5,100.210152514914,101.4521155089484,1.2419629940343953,"[104.8053, 101.6, 100.5, 105.07, 104.6]"
0.4,4,6,100.29997450081342,100.79198470048806,0.4920101996746382,"[102.0, 101.1, 100.75, 101.8, 102.0]"
0.4,4,7,99.15617832348711,99.74490699409228,0.588728670605164,"[100.1, 100.84, 100.65, 101.05, 100.5]"
0.4,4,8,99.55087264655623,99.55132358793372,0.0004509413774940185,"[98.8, 100.41, 100.4, 98.65, 99.5]"
0.4,4,9,96.49633619183842,97.78740171510304,1.2910655232646207,"[99.2, 100.07, 100.3, 99.75, 99.3]"
0.4,4,10,97.06108069735906,97.36224841841545,0.30116772105638745,"[96.8, 98.62, 100.05, 96.2, 97.4]"
0.4,4,11,97.61665229210877,97.67799137526526,0.061339083156497054,"[96.5, 98.1, 99.7, 97.55, 97.0]"
0.4,4,12,100.84257295750032,99.72154377450019,-1.1210291830001324,"[97.3, 98.05, 99.4, 97.9, 97.55]"
0.4,4,13,101.58475935771222,101.01885561462734,-0.5659037430848741,"[100.5, 99.1, 99.65, 101.5, 100.1]"
0.4,4,14,102.73002707720286,102.09801624632172,-0.6320108308811427,"[102.1, 100.0, 99.85, 102.2, 101.6]"
0.4,4,15,99.80737886479555,100.64922731887734,0.8418484540817843,"[103.15, 100.9, 99.91, 102.9, 102.7]"
0.4,4,16,104.51145677434423,102.67087406460652,-1.8405827097377028,"[99.2, 100.4, 100.05, 99.2, 100.7]"
0.4,4,17,100.68368678520375,101.32621207112224,0.6425252859184951,"[103.5, 101.95, 100.3, 103.9, 101.8]"
0.4,4,18,103.02996060133898,102.15797636080339,-0.8719842405355962,"[100.8, 101.35, 100.3, 100.7, 101.1]"
0.4,4,19,102.45480188200905,102.25448112920543,-0.20032075280361994,"[102.7, 101.97, 100.5, 102.4, 102.2]"
0.4,4,20,100.76678764756957,101.22007258854174,0.45328494097216776,"[102.6, 102.05, 100.5, 102.05, 102.3]"
0.4,4,21,99.5522979383942,100.11137876303653,0.5590808246423222,"[100.8, 101.55, 100.55, 100.35, 101.5]"
0.4,4,22,98.32150967895384,98.90170580737231,0.5801961284184642,"[99.05, 100.76, 100.4, 98.95, 99.7]"
0.4,4,23,99.17109608606921,99.06265765164153,-0.10843843442768275,"[97.7, 99.9, 100.2, 97.6, 99.1]"
0.4,4,24,99.05204586758668,99.21922752055201,0.1671816529653256,"[98.7, 99.7, 100.2, 99.25, 99.5]"
0.4,4,25,102.13514130246895,101.10428478148137,-1.0308565209875837,"[99.4, 99.46, 100.16, 99.37, 99.4]"
0.4,4,26,98.56387060951815,99.61432236571088,1.0504517561927287,"[101.8, 100.4, 100.35, 102.6, 100.8]"
0.4,4,27,98.65640445327085,98.98984267196252,0.33343821869166845,"[99.0, 99.65, 100.2, 98.7, 99.9]"
0.4,4,28,97.00883293670077,97.85729976202046,0.8484668253196901,"[98.4, 99.3, 100.1, 99.15, 98.7]"
0.4,4,29,98.62447663241963,98.40668597945177,-0.2177906529678637,"[96.9, 98.6, 100.0, 96.7, 98.2]"
0.4,4,30,94.62845954458277,96.33787572674967,1.7094161821669047,"[98.2, 98.75, 99.91, 98.85, 98.8]"
0.4,4,31,94.0742519359436,95.16455116156615,1.0902992256225588,"[95.5, 97.3, 99.7, 94.8, 96.7]"
0.4,4,32,94.56503919440512,95.01102351664306,0.4459843222379476,"[94.0, 96.25, 99.5, 94.3, 94.35]"
0.4,4,33,91.8909429816849,93.51856578901095,1.6276228073260484,"[94.7, 95.8, 99.4, 95.2, 94.7]"
0.4,4,34,93.81331371386727,93.95998822832037,0.1466745144530961,"[92.5, 94.6, 99.0, 92.0, 92.8]"
0.4,4,35,94.24342397736281,94.50845438641768,0.26503040905487296,"[93.3, 94.38, 99.2, 94.25, 93.4]"
0.4,4,36,96.25666207966022,96.00919724779612,-0.24746483186409307,"[95.0, 94.47, 98.8, 95.12, 94.8]"
0.4,4,37,98.21921657555417,97.72752994533249,-0.4916866302216789,"[96.8, 95.4, 99.0, 97.3, 96.45]"
0.4,4,38,96.40950468085144,97.24970280851086,0.8401981276594199,"[99.2, 96.7, 99.0, 99.3, 98.35]"
0.4,4,39,94.9783411652151,95.99500469912907,1.0166635339139702,"[97.7, 96.7, 98.8, 96.8, 97.6]"
0.4,4,40,94.6875220104606,95.18851320627635,0.5009911958157574,"[94.8, 96.15, 98.6, 94.55, 95.6]"
0.4,5,1,98.50738869364739,99.10443321618843,0.5970445225410401,"[100, 100, 100, 100, 100.0]"
0.4,5,2,96.02843807712556,97.2588361327507,1.2303980556251446,"[99.10443321618843, 99.10443321618843, 99.10443321618843, 99.10443321618843, 99.10443321618843]"
0.4,5,3,95.64822563648325,95.96011275372506,0.3118871172418096,"[95.41323904931296, 97.72, 98.18, 95.41323904931296, 95.41323904931296]"
0.4,5,4,96.55241774030245,96.18163240418147,-0.3707853361209743,"[94.387272, 96.7, 97.44, 94.9, 94.7]"
0.4,5,5,98.87011119229156,97.90606671537493,-0.9640444769166265,"[95.8, 96.6, 97.1, 96.5, 96.3]"
0.4,5,6,99.18641987775821,99.02625192665494,-0.16016795110327564,"[99.63, 97.5, 97.35, 101.1, 98.35]"
0.4,5,7,98.19429933680863,98.52457960208517,0.3302802652765422,"[100.2, 98.1, 97.7, 99.6, 99.5]"
0.4,5,8,96.76182580746756,97.30109548448053,0.5392696770129675,"[98.3, 98.1, 97.75, 98.1, 98.3]"
0.4,5,9,98.32000050786179,97.78800030471709,-0.5320002031447046,"[96.2, 97.55, 97.6, 96.1, 97.5]"
0.4,5,10,101.68940628256338,100.20964376953802,-1.4797625130253635,"[98.27, 97.95, 97.68, 98.15, 97.9]"
0.4,5,11,102.34797294679369,101.43198376807621,-0.9159891787174814,"[101.0, 99.39, 98.1, 102.5, 99.3]"
0.4,5,12,99.95418525121615,100.4485111507297,0.4943258995135551,"[102.8, 100.25, 98.5, 102.5, 101.9]"
0.4,5,13,98.15487902893577,98.67692741736147,0.5220483884257021,"[99.5, 100.2, 98.5, 99.3, 99.8]"
0.4,5,14,101.44806688035544,99.99044012821327,-1.4576267521421755,"[97.1, 99.2, 98.5, 96.12, 98.1]"
0.4,5,15,101.96245527654105,101.23747316592463,-0.7249821106164234,"[101.3, 100.05, 98.7, 101.1, 99.6]"
0.4,5,16,98.58922376103189,99.65193425661914,1.062710495587254,"[102.48, 100.8, 98.9, 102.35, 101.7]"
0.4,5,17,98.52280451443247,98.64568270865948,0.12287819422701318,"[98.07, 99.83, 98.85, 98.2, 99.2]"
0.4,5,18,96.35348070331077,97.31608842198648,0.9626077186757129,"[97.7, 99.15, 98.75, 99.3, 98.9]"
0.4,5,19,95.24359407551464,96.02055644530878,0.7769623697941483,"[95.99, 98.34, 98.5, 96.0, 97.1]"
0.4,5,20,94.41289293050808,95.10533575830485,0.6924428277967678,"[94.72, 97.3, 98.3, 94.8, 95.6]"
0.4,5,21,93.16865767074762,94.06119460244858,0.8925369317009597,"[93.9, 96.1, 98.2, 94.3, 94.5]"
0.4,5,22,94.2997881849238,94.33747291095429,0.03768472603049133,"[92.98, 94.84, 98.0, 93.05, 93.1]"
0.4,5,23,94.27511132665643,94.64106679599386,0.36595546933743606,"[94.6, 94.85, 97.8, 94.6, 94.1]"
0.4,5,24,93.26347935996071,94.13008761597642,0.8666082560157093,"[94.95, 94.75, 97.6, 94.95, 94.9]"
0.4,5,25,94.12478061988132,94.35006837192878,0.2252877520474641,"[93.7, 94.29, 97.5, 93.65, 94.3]"
0.4,5,26,95.79576348717502,95.49745809230501,-0.2983053948700132,"[94.5, 94.33, 97.6, 94.52, 94.3]"
0.4,5,27,92.79177404425816,94.1390644265549,1.347290382296734,"[96.2, 95.1, 97.3, 96.4, 95.8]"
0.4,5,28,92.4089089836259,93.28534539017554,0.8764364065496295,"[93.5, 94.35, 97.1, 93.7, 94.35]"
0.4,5,29,90.7046337391474,91.92758024348844,1.2229465043410386,"[92.5, 93.78, 97.0, 92.93, 92.6]"
0.4,5,30,90.48149366933241,91.25689620159943,0.775402532267023,"[90.6, 92.9, 96.7, 90.6, 91.3]"
0.4,5,31,88.26617498947304,89.79490499368383,1.5287300042107859,"[90.5, 92.24, 96.3, 90.9, 90.5]"
0.4,5,32,88.39105466040711,89.29383279624426,0.9027781358371527,"[88.8, 90.94, 96.3, 88.5, 88.7]"
0.4,5,33,88.41247309749815,89.28748385849889,0.8750107610007376,"[88.7, 90.2, 96.0, 89.6, 88.5]"
0.4,5,34,87.96388240895661,89.02632944537396,1.0624470364173533,"[88.9, 89.8, 95.7, 89.6, 89.1]"
0.4,5,35,86.22565653117475,87.82739391870486,1.6017373875301075,"[88.7, 89.2, 95.7, 88.75, 88.8]"
0.4,5,36,85.63070878890373,86.95842527334224,1.3277164844385112,"[87.1, 88.4, 95.5, 86.65, 87.1]"
0.4,5,37,83.86575689900204,85.59305413940123,1.7272972403991957,"[86.1, 87.72, 94.8, 86.1, 86.2]"
0.4,5,38,81.7048377246638,83.76370263479828,2.0588649101344743,"[84.6, 86.46, 94.5, 84.2, 84.5]"
0.4,5,39,82.15510032236631,83.31706019341979,1.161959871053483,"[81.9, 84.9, 93.8, 81.8, 82.9]"
0.4,5,40,80.43279003354665,82.37167402012798,1.938883986581331,"[82.8, 84.4, 93.5, 83.4, 82.3]"
0.4,6,1,102.23074876684133,101.3384492601048,-0.8922995067365349,"[100, 100, 100, 100, 100]"
0.4,6,2,106.03426824047796,104.1559406483287,-1.8783275921492617,"[101.3384492601048, 101.3384492601048, 101.3384492601048, 101.3384492601048, 101.3384492601048]"
0.4,6,3,100.85627568582095,102.69523997441678,1.8389642885958324,"[106.972, 103.45, 102.9, 106.9734320365526, 106.97299999999998]"
0.4,6,4,100.67899510689469,101.4132050641368,0.7342099572421148,"[101.23, 102.7126, 102.73, 103.1, 102.8]"
0.4,6,5,102.84382519885402,102.39669511931241,-0.44713007954160844,"[100.13, 101.9, 102.4, 101.8, 102.4]"
0.4,6,6,105.7686766675794,104.75560600054764,-1.013070667031755,"[103.38, 102.3, 102.4, 105.65, 102.45]"
0.4,6,7,107.2679791514763,106.35118749088576,-0.9167916605905333,"[107.12, 103.9, 102.95, 107.11, 103.8]"
0.4,6,8,110.63898778468884,108.7153926708133,-1.9235951138755354,"[107.9, 104.94, 103.5, 107.8, 105.01]"
0.4,6,9,111.39380220174642,110.25228132104785,-1.1415208806985788,"[110.8, 106.7, 104.2, 111.2, 109.8]"
0.4,6,10,112.74143748875406,111.56486249325243,-1.1765749955016247,"[111.8, 108.4, 105.2, 111.7, 111.9]"
0.4,6,11,113.25838335128775,112.31103001077264,-0.9473533405151073,"[113.2, 109.95, 105.8, 112.6, 112.9]"
0.4,6,12,110.96275592158683,111.13365355295211,0.17089763136527836,"[113.2, 111.3, 106.5, 112.85, 113.1]"
0.4,6,13,109.20884229674779,109.49940754567392,0.29056524892612856,"[109.9562770953156, 110.97, 106.8, 109.95, 112.0]"
0.4,6,14,110.15117256597536,109.35070353958521,-0.8004690263901466,"[107.9, 110.25, 106.9, 107.6, 108.1]"
0.4,6,15,108.98931112356843,108.90558667414105,-0.083724449427379,"[108.4, 109.9, 107.1, 109.6, 108.9]"
0.4,6,16,111.90841816706165,110.510650900237,-1.3977672668246583,"[108.3, 109.57, 107.4, 108.4, 108.4]"
0.4,6,17,114.95360058031164,113.13616034818699,-1.8174402321246532,"[111.6, 110.15, 107.6, 111.8, 110.9]"
0.4,6,18,119.28365360768366,116.90059216461019,-2.3830614430734727,"[115.5, 112.05, 108.1, 116.78, 114.2]"
0.4,6,19,119.3407472684061,118.37244836104367,-0.9682989073624384,"[120.5, 115.1, 108.5, 121.8, 118.7]"
0.4,6,20,122.81228100253269,120.57536860151961,-2.236912401013072,"[120.5, 116.8, 109.5, 119.5, 119.8]"
0.4,6,21,120.72800902367084,120.1528054142025,-0.5752036094683319,"[122.9, 118.25, 109.8, 122.7, 122.8]"
0.4,6,22,118.89180305135517,118.65508183081309,-0.2367212205420799,"[121.5, 119.0, 110.5, 119.7, 120.8]"
0.4,6,23,119.20443050327168,118.08745830196301,-1.1169722013086698,"[117.16, 118.9, 110.8, 117.2, 118.0]"
0.4,6,24,119.99721561713224,118.62632937027934,-1.3708862468529048,"[117.25, 118.7, 110.9, 118.4, 117.6]"
0.4,6,25,116.33672325119531,116.8180339507172,0.48131069952188454,"[119.2, 118.9, 111.3, 119.2, 119.1]"
0.4,6,26,112.49112042944427,113.59467225766656,1.1035518282222938,"[115.3, 117.65, 111.8, 115.2, 116.3]"
0.4,6,27,113.40617658797805,112.94290595278683,-0.4632706351912219,"[111.5, 115.54, 111.5, 110.4, 112.3]"
0.4,6,28,111.57891468922048,111.89934881353228,0.3204341243118023,"[111.5, 114.2, 111.5, 113.2, 111.5]"
0.4,6,29,114.42267149476788,113.19360289686072,-1.2290685979071583,"[110.5, 113.2, 111.35, 110.9, 110.8]"
0.4,6,30,115.44453066875388,114.70271840125233,-0.7418122675015582,"[114.3, 113.85, 111.7, 114.5, 113.6]"
0.4,6,31,116.27218358945612,115.64731015367367,-0.6248734357824475,"[115.8, 114.1, 111.8, 116.35, 115.5]"
0.4,6,32,116.87473326739638,116.22083996043783,-0.6538933069585511,"[116.6, 114.7, 112.0, 116.5, 116.4]"
0.4,6,33,119.10580398995555,117.70348239397333,-1.4023215959822153,"[116.8, 115.8, 112.2, 116.6, 116.6]"
0.4,6,34,118.86058888147097,118.18835332888258,-0.6722355525883899,"[119.1, 117.1, 112.5, 119.0, 118.2]"
0.4,6,35,121.59111557176003,119.88586934305602,-1.7052462287040129,"[119.2, 117.34, 112.7, 118.4, 119.0]"
0.4,6,36,120.43926701956227,119.85556021173736,-0.5837068078249104,"[120.9, 118.7, 112.8, 121.6, 120.9]"
0.4,6,37,120.0184718948843,119.39108313693058,-0.6273887579537245,"[120.1, 119.3, 113.25, 119.4, 120.2]"
0.4,6,38,118.514528861714,118.25511731702841,-0.2594115446855909,"[118.93, 119.2, 113.2, 118.8, 119.2]"
0.4,6,39,120.05966134814061,118.77179680888436,-1.2878645392562476,"[117.6, 118.7, 113.4, 116.6, 117.9]"
0.4,6,40,120.26606323379646,119.37563794027788,-0.8904252935185752,"[119.3, 119.0, 113.5, 119.3, 119.1]"
0.4,7,1,100.10251281521916,100.06150768913149,-0.041005126087668486,"[100, 100, 100, 100, 100]"
0.4,7,2,100.80315954166508,100.50649818552112,-0.2966613561439573,"[100.06150768913149, 100.06150768913149, 100.0615, 100.06150768913149, 100.06150768913149]"
0.4,7,3,100.35229477542917,100.49445505437036,0.14216027894119065,"[100.95148868191075, 100.4, 100.284, 100.951488682, 100.9515]"
0.4,7,4,98.67929091390846,99.38632654834507,0.7070356344366076,"[100.4824, 100.43, 100.35, 100.482, 100.49]"
0.4,7,5,97.88386160319668,98.425692961918,0.5418313587213248,"[98.28, 99.75, 100.1122, 98.35, 99.7]"
0.4,7,6,96.05767181075333,96.938603086452,0.8809312756986714,"[97.4, 99.0, 99.65, 97.65, 97.6]"
0.4,7,7,96.26950780949738,96.44970468569844,0.18019687620105174,"[95.6, 97.6, 99.2, 95.45, 95.75]"
0.4,7,8,98.98377383874679,98.07746430324806,-0.9063095354987212,"[95.5, 96.99, 98.5, 96.8, 95.8]"
0.4,7,9,98.11220823924421,98.41132494354652,0.29911670430230686,"[99.7, 97.9, 98.7, 99.6, 98.4]"
0.4,7,10,96.99915893719948,97.5954953623197,0.5963364251202137,"[98.75, 98.1, 98.65, 98.3, 98.65]"
0.4,7,11,98.05211751817751,97.80327051090651,-0.24884700727099585,"[96.9, 97.55, 98.5, 96.8, 97.4]"
0.4,7,12,98.85329564133647,98.53037738480188,-0.3229182565345923,"[98.0, 97.88, 98.5, 97.95, 97.9]"
0.4,7,13,99.16103788292212,99.00462272975327,-0.1564151531688509,"[99.1, 98.3, 98.55, 99.2, 98.7]"
0.4,7,14,97.43015993446934,98.10449596068162,0.6743360262122735,"[99.48, 98.7, 98.65, 99.4, 99.35]"
0.4,7,15,97.47059828922575,97.65515897353544,0.18456068430968742,"[97.6, 98.16, 98.45, 97.2, 98.25]"
0.4,7,16,98.93438379155063,98.44863027493037,-0.4857535166202638,"[97.2, 97.9, 98.4, 97.7, 97.4]"
0.4,7,17,96.40639614450534,97.2734376867032,0.8670415421978674,"[98.8, 98.38, 98.49, 98.9, 98.3]"
0.4,7,18,95.62365572225119,96.29819343335072,0.6745377110995321,"[96.9, 97.65, 98.3, 96.1, 97.6]"
0.4,7,19,92.14798150672213,93.83038890403327,1.6824073973111382,"[95.4, 96.9, 98.1, 95.52, 95.85]"
0.4,7,20,89.89164716523487,91.51738829914092,1.6257411339060468,"[92.3, 94.98, 97.8, 91.5, 93.2]"
0.4,7,21,86.72743969858602,88.7804638191516,2.0530241205655813,"[89.5, 92.8, 97.5, 89.3, 90.2]"
0.4,7,22,86.40698360216622,87.56899016129972,1.162006559133502,"[86.0, 91.16, 97.0, 85.8, 86.6]"
0.4,7,23,84.32847347695457,86.14108408617275,1.8126106092181828,"[85.7, 89.2, 96.2, 86.8, 86.4]"
0.4,7,24,84.87205259204676,85.79923155522805,0.9271789631812908,"[84.2, 87.3, 95.5, 84.65, 84.3]"
0.4,7,25,85.22372696349068,86.12303617809441,0.8993092146037327,"[84.6, 86.66, 95.5, 85.6, 85.0]"
0.4,7,26,84.99065095358596,86.23439057215157,1.2437396185656127,"[86.45, 86.9, 94.8, 86.4, 85.95]"
0.4,7,27,80.8993724917874,83.68602349507245,2.7866510032850442,"[86.35, 86.3, 94.3, 86.18, 86.2]"
0.4,7,28,80.11252505086837,82.03871503052102,1.9261899796526478,"[81.14, 84.6, 94.0, 81.8, 83.1]"
0.4,7,29,80.11492694785612,81.58095616871367,1.4660292208575498,"[80.4, 83.2, 93.5, 80.9, 80.9]"
0.4,7,30,80.37702449336855,81.66221469602112,1.2851902026525721,"[80.5, 82.25, 93.0, 81.4, 80.8]"
0.4,7,31,78.03251938745412,80.37631163247246,2.3437922450183493,"[81.4, 82.21, 92.8, 81.85, 81.2]"
0.4,7,32,77.36779351228017,79.3006761073681,1.932882595087932,"[79.5, 80.7, 92.0, 79.2, 79.6]"
0.4,7,33,75.94430236154115,78.06658141692469,2.1222790553835438,"[78.2, 80.0, 91.5, 78.3, 78.25]"
0.4,7,34,74.8004172488485,77.0242503493091,2.2238331004605953,"[76.8, 79.35, 91.5, 76.85, 77.3]"
0.4,7,35,76.4809305288429,77.58295831730575,1.1020277884628484,"[75.9, 77.7, 90.5, 75.98, 76.1]"
0.4,7,36,75.33092507928669,77.31135504757202,1.9804299682853355,"[78.14, 77.95, 90.0, 78.02, 77.3]"
0.4,7,37,75.35726280510916,77.02235768306551,1.6650948779563493,"[76.9, 77.4, 89.5, 76.9, 76.9]"
0.4,7,38,76.77876506468851,77.79925903881312,1.020493974124605,"[76.7, 77.21, 89.22, 76.72, 76.8]"
0.4,7,39,75.96373814198488,77.58384288519093,1.6201047432060562,"[78.05, 77.57, 88.5, 78.35, 77.6]"
0.4,7,40,75.87005374415253,77.40603224649152,1.5359785023389918,"[77.3, 77.5, 89.0, 77.35, 77.4]"
0.4,8,1,96.67983585517935,98.00790151310761,1.3280656579282635,"[100, 100, 100, 100, 100.0]"
0.4,8,2,94.22372448493383,95.73756317515473,1.5138386902209078,"[98.00790151310761, 98.00790151310761, 98.01, 98.00790151310761, 98.00790151310761]"
0.4,8,3,91.78509016968498,92.95780808878715,1.172717919102169,"[93.46722483720185, 96.31, 96.87, 93.47, 93.4672]"
0.4,8,4,91.23307769598829,91.48784661759296,0.2547689216046791,"[90.18, 94.26, 95.57, 89.67, 89.67]"
0.4,8,5,87.19664834482937,88.85638900689761,1.6597406620682449,"[89.32, 92.5, 94.3, 91.3, 89.31]"
0.4,8,6,86.9547570813062,87.58604624878372,0.6312891674775187,"[86.57, 90.5, 92.8, 86.2249, 86.57]"
0.4,8,7,85.3912268377344,86.29473610264063,0.9035092649062335,"[85.5, 88.45, 92.4, 86.4, 85.5]"
0.4,8,8,87.01803264677032,86.76841958806219,-0.24961305870813533,"[84.35, 87.2, 90.5, 85.02, 84.9]"
0.4,8,9,88.78807174063353,88.34804304438012,-0.4400286962534068,"[87.24, 87.1, 90.5, 87.2, 86.4]"
0.4,8,10,91.386473787527,90.7198842725162,-0.6665895150107986,"[89.8, 88.1, 90.4, 90.5, 89.8]"
0.4,8,11,92.89286878247428,92.49012126948456,-0.4027475129897198,"[93.1, 89.35, 90.68, 93.4, 92.9]"
0.4,8,12,92.88724005620318,92.8883440337219,0.001103977518724264,"[94.3, 91.1, 90.95, 94.0, 94.1]"
0.4,8,13,94.59287582126319,93.7317254927579,-0.861150328505289,"[93.5, 92.0, 91.2, 92.6, 92.9]"
0.4,8,14,97.58187682480255,95.99712609488154,-1.5847507299210122,"[94.5, 93.2, 91.5, 94.5, 94.4]"
0.4,8,15,96.41096088100662,96.25457652860396,-0.1563843524026538,"[97.5, 95.2, 92.0, 98.2, 97.2]"
0.4,8,16,97.69270805218179,96.79962483130907,-0.8930832208727111,"[96.8, 95.5, 92.3, 96.1, 96.6]"
0.4,8,17,97.70702337313293,97.08421402387975,-0.6228093492531741,"[97.35, 96.4, 92.5, 97.3, 97.2]"
0.4,8,18,100.66254439087038,98.90952663452222,-1.7530177563481573,"[97.45, 96.7, 92.7, 97.3, 97.25]"
0.4,8,19,99.09072827810606,98.77043696686363,-0.3202913112424284,"[99.95, 98.0, 93.2, 100.5, 99.8]"
0.4,8,20,98.59346145002758,98.19847687001655,-0.39498458001102676,"[99.0, 98.2, 93.5, 98.63, 98.7]"
0.4,8,21,99.40990110248961,98.45234066149376,-0.9575604409958487,"[97.7, 98.08, 93.8, 97.6, 97.9]"
0.4,8,22,100.02437664374105,99.05942598624463,-0.9649506574964164,"[98.6, 98.36, 94.0, 98.7, 98.4]"
0.4,8,23,96.89471372338242,97.44642823402944,0.5517145106470167,"[99.5, 98.82, 94.2, 99.65, 99.2]"
0.4,8,24,97.69282019961067,97.1316921197664,-0.5611280798442664,"[95.83, 97.92, 94.3, 96.2, 97.2]"
0.4,8,25,97.55907716257146,97.17624629754287,-0.38283086502858055,"[96.7, 97.65, 94.46, 97.4, 96.8]"
0.4,8,26,97.18954628172551,97.0041277690353,-0.18541851269020526,"[97.1, 97.48, 94.6, 97.25, 97.2]"
0.4,8,27,96.98507725153304,96.81344635091982,-0.1716309006132235,"[96.85, 97.08, 94.8, 97.15, 96.9]"
0.4,8,28,97.50820789531265,97.03052473718759,-0.47768315812506046,"[96.5, 96.97, 94.8, 96.6, 96.7]"
0.4,8,29,94.12358424386898,95.10855054632138,0.9849663024524062,"[96.9, 97.03, 94.8, 97.2, 97.0]"
0.4,8,30,97.18904274324841,96.22542564594903,-0.9636170972993767,"[94.2, 95.9, 94.6, 93.7, 95.5]"
0.4,8,31,95.62450758230092,95.92270454938055,0.29819696707963317,"[96.8, 96.35, 95.6, 96.8, 96.3]"
0.4,8,32,91.52405057008633,93.1528303420518,1.628779771965469,"[95.7, 96.08, 94.8, 95.7, 95.7]"
0.4,8,33,91.4655405765407,91.97532434592443,0.5097837693837306,"[92.0, 94.1, 94.5, 90.5, 92.6]"
0.4,8,34,94.26518279121152,93.2871096747269,-0.9780731164846088,"[90.5, 93.2, 94.0, 90.9, 90.5]"
0.4,8,35,93.38585464379355,93.53551278627613,0.14965814248257914,"[94.0, 93.6, 94.4, 94.4, 92.4]"
0.4,8,36,96.42498967086873,95.39579380252124,-1.029195868347486,"[93.9, 93.56, 94.4, 93.7, 93.7]"
0.4,8,37,99.57431372412277,98.00858823447366,-1.565725489649111,"[96.2, 94.4, 94.6, 96.8, 96.3]"
0.4,8,38,97.96885270896802,98.05331162538081,0.08445891641279957,"[100.5, 96.2, 94.9, 100.5, 98.8]"
0.4,8,39,93.34918901218566,94.92151340731141,1.5723243951257473,"[98.4, 97.6, 94.9, 97.8, 97.7]"
0.4,8,40,91.16249078344345,92.39989447006607,1.2374036866226277,"[93.5, 95.75, 94.73, 92.8, 94.5]"
0.6,1,1,100.79430639137112,100.31772255654846,-0.4765838348226623,"[100, 100, 100, 100, 100]"
0.6,1,2,102.56679375089921,101.21735103428875,-1.3494427166104543,"[100.31772255654846, 100.31772255654846, 100.31772255654846, 100.31772255654846, 100.31772255654846]"
0.6,1,3,103.35017446479658,102.31338241024909,-1.0367920545474902,"[102.11697951202903, 100.99, 100.77, 102.11697951202903, 102.11697951202903]"
0.6,1,4,100.79208488531063,101.9747319562558,1.1826470709451655,"[103.5, 101.8, 101.49, 103.60581668442948, 103.42]"
0.6,1,5,102.73644750591856,102.15177900236743,-0.5846685035511285,"[101.7, 101.9, 101.46, 101.65, 102.1]"
0.6,1,6,103.76144210422284,102.80057684168912,-0.9608652625337157,"[102.45, 101.87, 101.65, 102.33, 102.5]"
0.6,1,7,102.7558076237336,102.83632304949344,0.08051542575984172,"[103.4, 102.55, 101.9, 103.45, 103.15]"
0.6,1,8,104.06104891825456,103.24201956730182,-0.8190293509527322,"[102.95, 102.63, 101.95, 102.75, 103.2]"
0.6,1,9,104.92745259309471,103.92698103723788,-1.0004715558568336,"[103.65, 103.05, 102.2, 103.75, 103.65]"
0.6,1,10,105.65212248156105,104.63564899262443,-1.0164734889366258,"[104.5, 103.55, 102.45, 104.89, 104.4]"
0.6,1,11,105.81796202754815,105.02598481101927,-0.7919772165288776,"[105.25, 104.1, 102.7, 105.34, 105.1]"
0.6,1,12,107.08838678173285,105.68535471269314,-1.4030320690397104,"[105.45, 104.48, 102.95, 105.35, 105.52]"
0.6,1,13,105.62820795881078,105.5140831835243,-0.11412477528647003,"[106.3, 105.1, 103.2, 106.34, 106.25]"
0.6,1,14,105.38994757039683,105.26277902815872,-0.1271685422381097,"[105.95, 105.3, 103.4, 105.34, 105.9]"
0.6,1,15,104.48305145423976,104.7044205816959,0.22136912745614268,"[105.01, 105.34, 103.5, 105.01, 105.4]"
0.6,1,16,105.8477557796195,104.8915023118478,-0.9562534677717025,"[104.2, 104.97, 103.6, 104.15, 104.35]"
0.6,1,17,106.0378639720986,105.27474558883944,-0.7631183832591688,"[105.05, 105.05, 103.6, 105.08, 105.05]"
0.6,1,18,105.52491673287437,105.28556669314975,-0.2393500397246271,"[105.56, 105.22, 103.8, 105.45, 105.6]"
0.6,1,19,103.9914759066535,104.6181903626614,0.626714456007889,"[105.45, 105.18, 103.9, 105.2, 105.45]"
0.6,1,20,103.56144297890188,103.94337719156076,0.3819342126588765,"[104.0, 104.79, 103.9, 103.95, 104.35]"
0.6,1,21,103.6819387864623,103.63397551458493,-0.04796327187736438,"[103.25, 104.3, 103.8, 103.26, 103.4]"
0.6,1,22,103.21517368164648,103.41606947265859,0.2008957910121154,"[103.25, 104.1, 103.75, 103.35, 103.3]"
0.6,1,23,106.02735748843239,104.45694299537294,-1.5704144930594452,"[103.1, 103.8, 103.7, 103.3, 103.15]"
0.6,1,24,108.29203836099185,106.08881534439675,-2.2032230165951034,"[104.9, 104.15, 103.85, 105.5, 104.7]"
0.6,1,25,102.67907907235086,104.68363162894035,2.0045525565894877,"[106.8, 105.2, 103.95, 107.55, 106.6]"
0.6,1,26,98.97112314020644,102.15284925608259,3.1817261158761454,"[104.2, 104.57, 104.0, 103.7, 104.9]"
0.6,1,27,98.72445436026383,100.25178174410553,1.527327383841694,"[100.0, 102.95, 103.7, 98.5, 101.2]"
0.6,1,28,97.99229685502732,99.38891874201093,1.3966218869836098,"[98.4, 101.9, 103.4, 98.9, 99.0]"
0.6,1,29,98.51036115244918,98.98414446097968,0.4737833085304999,"[98.5, 100.3, 99.9, 98.9, 98.9]"
0.6,1,30,99.03845119439917,99.15098047775967,0.11252928336050161,"[98.58, 100.0, 99.8, 99.05, 98.7]"
0.6,1,31,103.42688580503518,101.36475432201408,-2.062131483021105,"[98.7, 99.6, 103.0, 99.35, 99.3]"
0.6,1,32,101.25322228108585,101.88728891243434,0.6340666313484888,"[102.5, 100.8, 103.05, 103.4, 101.8]"
0.6,1,33,100.59196969116998,101.55438787646798,0.9624181852980058,"[102.45, 101.2, 103.03, 102.15, 102.15]"
0.6,1,34,104.89164474184255,102.92265789673701,-1.9689868451055474,"[101.2, 101.25, 103.0, 101.2, 101.4]"
0.6,1,35,106.36344144357369,104.49897657742947,-1.8644648661442176,"[103.6, 102.3, 103.08, 103.8, 103.5]"
0.6,1,36,107.89118682827358,105.96447473130942,-1.9267120969641525,"[105.4, 103.5, 103.2, 106.2, 105.1]"
0.6,1,37,106.8945743632761,106.28582974531045,-0.6087446179656553,"[107.4, 104.7, 103.5, 107.3, 106.5]"
0.6,1,38,103.53208441414066,104.85683376565626,1.3247493515156066,"[106.8, 105.3, 103.5, 106.4, 106.7]"
0.6,1,39,103.983356625852,103.9909426503408,0.007586024488801968,"[103.43, 105.25, 103.5, 103.4, 104.4]"
0.6,1,40,104.31457940961906,103.86183176384762,-0.45274764577143856,"[103.1, 104.55, 103.45, 103.45, 103.25]"
0.6,2,1,100.47925151762907,100.19170060705163,-0.287550910577437,"[100, 100, 100, 100, 100]"
0.6,2,2,99.5337004485136,99.92850054363642,0.3948000951228181,"[100.19170060705163, 100.19170060705163, 100.19170060705163, 100.19170060705163, 100.19170060705163]"
0.6,2,3,98.81357695903948,99.41153884124233,0.5979618822028527,"[99.6653004802212, 99.995, 100.06, 99.6653, 99.6653]"
0.6,2,4,94.19863266785303,97.20284906714122,3.0042163992881825,"[98.8945, 99.63, 99.8, 98.64, 99.0638]"
0.6,2,5,97.74869163113075,96.8518766524523,-0.8968149786784494,"[94.99, 97.8, 99.18, 93.3, 96.0]"
0.6,2,6,100.11135649343154,98.22054259737261,-1.8908138960589298,"[96.5, 97.35, 98.4, 96.65, 95.9]"
0.6,2,7,99.56141347650819,99.07456539060328,-0.48684808590491,"[98.8, 98.35, 98.6, 99.4, 98.6]"
0.6,2,8,101.21538858056931,99.99055543222772,-1.2248331483415882,"[99.6, 98.55, 98.72, 99.4, 99.6]"
0.6,2,9,101.8880865009274,100.83803460037096,-1.05005190055644,"[101.0, 99.4, 98.95, 100.99, 100.35]"
0.6,2,10,100.86657087841965,100.87462835136785,0.008057472948195255,"[101.8, 100.2, 99.1, 101.65, 101.65]"
0.6,2,11,102.96096255367249,101.484385021469,-1.4765775322034926,"[101.05, 100.4, 99.4, 100.7, 100.95]"
0.6,2,12,102.42581506963579,101.7863260278543,-0.6394890417814878,"[102.1, 101.1, 99.6, 102.1, 101.9]"
0.6,2,13,101.85622937406664,101.66049174962666,-0.19573762443998532,"[102.25, 101.45, 99.8, 102.05, 102.1]"
0.6,2,14,100.35554877506388,100.90421951002556,0.5486707349616751,"[101.9, 101.5, 99.9, 101.55, 101.5]"
0.6,2,15,101.37419071887888,100.77167628755156,-0.6025144313273216,"[100.3, 101.15, 99.9, 100.1, 100.4]"
0.6,2,16,101.2744915234286,100.86979660937143,-0.40469491405715985,"[100.6, 101.05, 100.05, 100.85, 100.45]"
0.6,2,17,102.48744903113526,101.45097961245409,-1.0364694186811647,"[100.95, 101.03, 100.02, 100.95, 100.85]"
0.6,2,18,101.35169820532278,101.34947928212911,-0.0022189231936664555,"[101.7, 101.29, 100.2, 101.95, 101.6]"
0.6,2,19,101.71076881980727,101.3455075279229,-0.36526129188436585,"[101.5, 101.26, 100.2, 101.25, 101.3]"
0.6,2,20,100.01175255980364,100.65870102392145,0.6469484641178127,"[101.25, 101.25, 100.25, 101.4, 101.3]"
0.6,2,21,101.81088300285855,100.97035320114341,-0.8405298017151352,"[100.4, 100.9, 100.25, 100.05, 100.45]"
0.6,2,22,102.29672981895945,101.45989192758378,-0.8368378913756658,"[101.1, 101.06, 100.3, 101.15, 100.9]"
0.6,2,23,103.07832395819347,102.03532958327739,-1.042994374916077,"[101.7, 101.25, 100.4, 102.1, 101.25]"
0.6,2,24,104.03206867863764,102.76482747145505,-1.2672412071825931,"[102.5, 101.7, 100.5, 102.7, 102.2]"
0.6,2,25,102.05215991424461,102.39526396569784,0.3431040514532242,"[103.45, 102.25, 100.6, 103.62, 103.2]"
0.6,2,26,103.76696607855433,102.74278643142173,-1.0241796471325983,"[102.8, 102.2, 100.7, 102.1, 102.5]"
0.6,2,27,108.2325042838555,104.7702017135422,-3.462302570313298,"[102.95, 102.61, 100.8, 103.0, 102.95]"
0.6,2,28,104.8481256304665,104.4568502521866,-0.3912753782799001,"[105.3, 103.68, 100.9, 106.2, 104.9]"
0.6,2,29,101.38494930225067,102.77997972090026,1.3950304186495828,"[104.8, 103.85, 101.1, 104.2, 104.6]"
0.6,2,30,98.4774928310764,100.58259713243058,2.1051043013541744,"[102.0, 102.98, 101.1, 101.25, 102.6]"
0.6,2,31,100.24901099588598,100.09360439835439,-0.15540659753159503,"[99.5, 101.8, 100.95, 97.9, 99.8]"
0.6,2,32,100.60797349413312,100.47478939765324,-0.13318409647988005,"[99.6, 101.2, 100.88, 100.45, 99.8]"
0.6,2,33,102.90419016143444,101.55767606457377,-1.3465140968606732,"[100.2, 100.9, 100.9, 100.7, 100.6]"
0.6,2,34,104.50626065356566,102.86090426142624,-1.6453563921394192,"[101.95, 101.32, 101.05, 102.6, 101.9]"
0.6,2,35,105.052309983213,103.77892399328519,-1.273385989927803,"[103.8, 102.2, 101.2, 104.2, 103.25]"
0.6,2,36,105.75648916680834,104.41459566672333,-1.341893500085007,"[104.25, 103.25, 101.3, 104.6, 104.2]"
0.6,2,37,105.50348329325892,104.60739331730358,-0.8960899759553485,"[105.1, 103.7, 101.5, 104.9, 104.85]"
0.6,2,38,107.45940771352731,105.36576308541092,-2.093644628116394,"[104.9, 104.0, 101.6, 104.55, 104.8]"
0.6,2,39,105.16377052636484,105.00550821054594,-0.15826231581890227,"[105.9, 104.9, 101.8, 106.1, 105.8]"
0.6,2,40,104.38455019232059,104.35782007692822,-0.026730115392368248,"[105.4, 104.9, 101.6, 104.65, 105.15]"
0.6,3,1,104.27050879862372,101.70820351944948,-2.5623052791742396,"[100, 100, 100, 100, 100]"
0.6,3,2,99.1739389709415,100.69449727771234,1.5205583067708375,"[101.70820351944948, 101.70820351944948, 101.7082, 101.70820351944948, 101.70820351944948]"
0.6,3,3,100.10676282456572,100.18578990277736,0.07902707821163801,"[99.6807910359752, 100.95, 101.2, 99.6807910359752, 99.6807910359752]"
0.6,3,4,99.07546699358694,99.77023879743479,0.6947718038478428,"[99.6771, 100.52, 100.86, 100.18, 99.93]"
0.6,3,5,98.28081760516615,99.16592704206647,0.8851094369003221,"[99.35, 100.1, 100.5, 99.45, 99.38]"
0.6,3,6,97.95585553853992,98.63754221541598,0.6816866768760548,"[98.65, 99.55, 100.2, 98.56, 98.5]"
0.6,3,7,94.17146354430888,96.84178541772354,2.6703218734146645,"[98.05, 98.9, 99.9, 98.18, 98.08]"
0.6,3,8,93.82942942710429,95.6333717708417,1.8039423437374182,"[95.9, 97.88, 99.4, 94.95, 96.05]"
0.6,3,9,92.31201365698628,94.41680546279451,2.104791805808233,"[94.7, 96.4, 98.8, 94.5, 94.7]"
0.6,3,10,98.75423433157553,96.33369373263022,-2.4205405989453084,"[93.2, 95.7, 98.3, 93.2, 93.2]"
0.6,3,11,99.3004412288591,98.11337649154365,-1.1870647373154526,"[97.5, 96.37, 98.34, 97.8, 96.6]"
0.6,3,12,98.70122903064494,98.81209161225797,0.1108625816130342,"[99.89, 97.19, 98.25, 99.75, 99.35]"
0.6,3,13,98.24571633781188,98.54228653512476,0.2965701973128745,"[99.5, 98.3, 98.4, 98.3, 99.2]"
0.6,3,14,97.03878299267522,97.82311319707009,0.7843302043948626,"[98.25, 98.48, 98.4, 98.2, 98.4]"
0.6,3,15,95.10748872428609,96.59339548971442,1.4859067654283393,"[97.2, 98.07, 98.4, 96.95, 97.3]"
0.6,3,16,94.46143846906611,95.60657538762644,1.1451369185603255,"[95.9, 97.15, 98.1, 95.0, 95.7]"
0.6,3,17,95.47176988250881,95.60750795300353,0.13573807049472464,"[94.6, 96.54, 97.8, 94.75, 94.8]"
0.6,3,18,95.11241695053918,95.70736678021566,0.5949498296764801,"[95.2, 96.22, 97.7, 95.9, 95.5]"
0.6,3,19,97.04887352540993,96.52754941016397,-0.5213241152459602,"[95.82, 95.78, 97.7, 95.85, 95.75]"
0.6,3,20,96.75854610169098,96.93341844067639,0.17487233898540921,"[97.2, 96.2, 97.6, 97.35, 96.9]"
0.6,3,21,96.90235782023203,97.0569431280928,0.15458530786077063,"[97.3, 96.5, 97.6, 97.2, 97.2]"
0.6,3,22,100.04501834491562,98.34520733796626,-1.6998110069493606,"[97.4, 96.71, 97.6, 97.1, 97.25]"
0.6,3,23,101.2428796013537,99.59715184054147,-1.6457277608122354,"[98.9, 97.65, 97.8, 99.45, 98.7]"
0.6,3,24,100.32528971128572,99.96571588451428,-0.3595738267714381,"[100.8, 98.8, 97.9, 100.78, 100.35]"
0.6,3,25,100.05910129758934,99.86164051903573,-0.1974607785536051,"[100.8, 99.3, 98.1, 100.2, 100.25]"
0.6,3,26,101.2478556523035,100.11514226092139,-1.1327133913821115,"[100.05, 99.4, 98.1, 99.65, 99.6]"
0.6,3,27,105.34843529563265,102.05537411825306,-3.293061177379599,"[100.5, 99.85, 98.2, 100.35, 100.4]"
0.6,3,28,104.88671690851069,102.99868676340428,-1.8880301451064128,"[102.8, 101.2, 98.5, 103.7, 102.5]"
0.6,3,29,104.48146712317586,103.20858684927035,-1.272880273905514,"[103.8, 102.2, 98.6, 103.7, 103.5]"
0.6,3,30,106.7037154964446,104.01948619857784,-2.6842292978667643,"[103.6, 102.4, 98.7, 103.1, 103.35]"
0.6,3,31,104.93349628027934,103.94139851211173,-0.9920977681676106,"[104.6, 103.5, 98.9, 104.7, 104.7]"
0.6,3,32,104.4274295493522,103.55297181974088,-0.8744577296113221,"[104.2, 103.6, 99.1, 103.8, 104.15]"
0.6,3,33,106.3933585627018,104.05614342508073,-2.3372151376210724,"[103.2, 103.54, 99.2, 103.15, 103.4]"
0.6,3,34,107.74315020283156,105.08326008113261,-2.6598901216989503,"[104.5, 103.9, 99.3, 104.5, 104.35]"
0.6,3,35,108.0485312725511,105.84141250902044,-2.2071187635306586,"[105.8, 104.7, 99.8, 106.1, 105.45]"
0.6,3,36,109.61591533936213,106.77436613574486,-2.8415492036172765,"[106.5, 105.2, 99.8, 106.5, 106.4]"
0.6,3,37,103.69141560782167,104.86056624312866,1.1691506353069911,"[107.3, 106.1, 99.9, 107.6, 107.3]"
0.6,3,38,105.937094213569,104.55283768542762,-1.3842565281413783,"[104.1, 105.25, 100.2, 103.4, 105.2]"
0.6,3,39,104.02721753182966,103.82368701273188,-0.2035305190977823,"[104.25, 104.99, 100.2, 104.8, 104.2]"
0.6,3,40,100.71353250807509,102.00141300323003,1.287880495154937,"[103.1, 104.5, 100.3, 103.2, 103.2]"
0.6,4,1,98.80363177513341,99.52145271005337,0.7178209349199562,"[100, 100, 100, 100, 100]"
0.6,4,2,98.55748845749585,99.13586700903036,0.578378551534513,"[99.52145271005337, 99.52145271005337, 99.52145271005337, 99.52145271005337, 99.52145271005337]"
0.6,4,3,101.99405190399263,100.16892427551882,-1.8251276284738083,"[98.75028130800735, 99.23, 99.28, 98.75028130800735, 98.7503]"
0.6,4,4,103.45093599110197,101.80877439644078,-1.6421615946611894,"[101.2, 99.9, 99.65, 102.62, 100.2]"
0.6,4,5,100.210152514914,101.3848610059656,1.1747084910516037,"[103.45, 100.98, 100.16, 104.05, 102.2]"
0.6,4,6,100.29997450081342,100.80518980032537,0.5052152995119457,"[101.8, 100.9, 100.45, 100.96, 101.6]"
0.6,4,7,99.15617832348711,99.91687132939485,0.7606930059077399,"[100.23, 100.92, 100.5, 100.12, 100.35]"
0.6,4,8,99.55087264655623,99.6043490586225,0.05347641206627429,"[99.05, 100.45, 100.35, 98.85, 99.5]"
0.6,4,9,96.49633619183842,98.43053447673537,1.9341982848969508,"[99.2, 99.95, 100.2, 99.5, 99.75]"
0.6,4,10,97.06108069735906,97.83443227894361,0.7733515815845493,"[97.75, 99.05, 100.0, 97.25, 97.7]"
0.6,4,11,97.61665229210877,97.9222609168435,0.30560862473473094,"[97.2, 98.43, 99.7, 98.0, 97.3]"
0.6,4,12,100.84257295750032,99.34582918300015,-1.4967437745001746,"[98.01, 98.33, 99.5, 98.1, 97.8]"
0.6,4,13,101.58475935771222,100.54390374308488,-1.0408556146273327,"[100.5, 98.9, 99.6, 100.45, 99.8]"
0.6,4,14,102.73002707720286,101.57201083088114,-1.158016246321722,"[101.6, 99.75, 99.85, 101.6, 101.2]"
0.6,4,15,99.80737886479555,100.82895154591822,1.021572681122663,"[102.5, 100.55, 99.9, 102.4, 102.2]"
0.6,4,16,104.51145677434423,102.0517827097377,-2.4596740646065314,"[101.2, 100.43, 99.98, 100.1, 100.35]"
0.6,4,17,100.68368678520375,101.3354747140815,0.6517879288777522,"[102.8, 101.5, 100.25, 102.8, 101.5]"
0.6,4,18,103.02996060133898,101.74838424053559,-1.281576360803399,"[100.8, 101.27, 100.2, 100.7, 101.5]"
0.6,4,19,102.45480188200905,101.92152075280362,-0.5332811292054345,"[102.1, 101.63, 100.35, 101.95, 101.8]"
0.6,4,20,100.76678764756957,101.30271505902783,0.5359274114582604,"[102.1, 101.75, 100.45, 101.9, 102.1]"
0.6,4,21,99.5522979383942,100.44971917535767,0.8974212369634671,"[101.1, 101.49, 100.45, 100.7, 101.5]"
0.6,4,22,98.32150967895384,99.41620387158153,1.094694192627685,"[99.7, 100.9, 100.38, 99.55, 100.2]"
0.6,4,23,99.17109608606921,99.17643843442768,0.00534234835846803,"[98.5, 100.05, 100.25, 98.2, 98.9]"
0.6,4,24,99.05204586758668,99.26681834703467,0.21477247944798705,"[98.8, 99.75, 100.2, 99.35, 98.95]"
0.6,4,25,102.13514130246895,100.56005652098759,-1.5750847814813653,"[98.95, 99.6, 100.15, 99.45, 99.4]"
0.6,4,26,98.56387060951815,99.93914824380727,1.3752776342891195,"[101.2, 100.2, 100.28, 101.65, 100.95]"
0.6,4,27,98.65640445327085,99.32336178130834,0.6669573280374834,"[99.4, 99.82, 100.17, 99.4, 100.05]"
0.6,4,28,97.00883293670077,98.3487331746803,1.3399002379795348,"[98.7, 99.49, 100.1, 98.72, 99.2]"
0.6,4,29,98.62447663241963,98.42019065296785,-0.2042859794517824,"[97.4, 98.92, 100.0, 97.2, 97.9]"
0.6,4,30,94.62845954458277,97.1349838178331,2.506524273250335,"[98.2, 98.78, 99.9, 98.65, 98.5]"
0.6,4,31,94.0742519359436,96.06730077437743,1.993048838433836,"[96.5, 97.88, 99.8, 96.0, 96.8]"
0.6,4,32,94.56503919440512,95.72001567776204,1.1549764833569185,"[95.0, 96.9, 99.7, 95.15, 95.7]"
0.6,4,33,91.8909429816849,94.51717719267396,2.626234210989054,"[94.9, 96.29, 99.4, 95.4, 95.35]"
0.6,4,34,93.81331371386727,94.57332548554692,0.7600117716796433,"[93.35, 95.45, 99.4, 93.4, 93.8]"
0.6,4,35,94.24342397736281,94.99736959094511,0.753945613582303,"[94.3, 95.1, 99.2, 94.8, 94.1]"
0.6,4,36,96.25666207966022,96.09786483186409,-0.15879724779613014,"[95.35, 95.09, 99.0, 95.42, 95.1]"
0.6,4,37,98.21921657555417,97.46968663022167,-0.7495299453324975,"[96.6, 95.7, 98.9, 97.25, 96.4]"
0.6,4,38,96.40950468085144,97.45380187234058,1.044297191489136,"[98.35, 96.52, 98.98, 98.8, 98.1]"
0.6,4,39,94.9783411652151,96.54053646608604,1.5621953008709397,"[97.6, 96.8, 99.11, 97.1, 97.3]"
0.6,4,40,94.6875220104606,95.87100880418424,1.1834867937236453,"[95.8, 96.7, 98.9, 95.7, 96.2]"
0.6,5,1,98.50738869364739,99.40295547745896,0.8955667838115744,"[100, 100, 100, 100, 100]"
0.6,5,2,96.02843807712556,98.0531485173256,2.024710440200039,"[99.40295547745896, 99.40295547745896, 99.40295547745896, 99.40295547745896, 99.40295547745896]"
0.6,5,3,95.64822563648325,96.7266544680065,1.0784288315232544,"[96.70334155719225, 98.39, 98.72805199739228, 96.70334155719225, 96.7033]"
0.6,5,4,96.55241774030245,96.41140709612097,-0.14101064418147757,"[95.3885, 97.39, 98.0, 95.42, 95.3885]"
0.6,5,5,98.87011119229156,97.43364447691663,-1.4364667153749338,"[95.41, 96.72, 97.65, 96.5, 96.1]"
0.6,5,6,99.18641987775821,98.44936795110328,-0.737051926654928,"[98.3, 97.52, 97.57, 98.6, 97.8]"
0.6,5,7,98.19429933680863,98.59011973472346,0.39582039791483226,"[99.47, 98.1, 97.85, 99.45, 99.4]"
0.6,5,8,96.76182580746756,97.77593032298702,1.0141045155194632,"[98.75, 98.16, 97.95, 98.7, 98.7]"
0.6,5,9,98.32000050786179,97.7944002031447,-0.5256003047170879,"[97.0, 97.92, 97.85, 96.95, 97.5]"
0.6,5,10,101.68940628256338,99.36776251302535,-2.321643769538028,"[97.9, 97.95, 97.84, 97.81, 97.6]"
0.6,5,11,102.34797294679369,100.71358917871747,-1.6343837680762192,"[100.94, 98.88, 98.05, 100.8, 99.45]"
0.6,5,12,99.95418525121615,100.42567410048646,0.4714888492703153,"[101.9, 99.8, 98.5, 101.9, 101.6]"
0.6,5,13,98.15487902893577,99.2571516115743,1.102272582638534,"[100.8, 99.82, 98.6, 100.14, 100.6]"
0.6,5,14,101.44806688035544,99.72002675214218,-1.7280401282132658,"[98.2, 99.39, 98.55, 98.0, 98.7]"
0.6,5,15,101.96245527654105,100.61578211061642,-1.3466731659246278,"[100.1, 99.81, 98.7, 100.18, 99.8]"
0.6,5,16,98.58922376103189,99.80528950441277,1.2160657433808808,"[101.3, 100.38, 98.9, 101.7, 100.8]"
0.6,5,17,98.52280451443247,99.07672180577299,0.5539172913405253,"[99.2, 99.88, 98.85, 99.25, 100.05]"
0.6,5,18,96.35348070331077,97.9077922813243,1.5543115780135395,"[98.35, 99.4, 98.82, 99.3, 98.85]"
0.6,5,19,95.24359407551464,96.65383763020586,1.4102435546912204,"[96.75, 98.55, 98.67, 96.55, 97.45]"
0.6,5,20,94.41289293050808,95.68195717220323,1.2690642416951476,"[95.4, 97.73, 98.4, 95.31, 95.8]"
0.6,5,21,93.16865767074762,94.82546306829906,1.6568053975514374,"[94.7, 96.75, 98.3, 95.1, 94.8]"
0.6,5,22,94.2997881849238,94.82911527396953,0.5293270890457364,"[93.9, 95.83, 98.1, 93.98, 94.1]"
0.6,5,23,94.27511132665643,95.01057253066256,0.7354612040061284,"[94.4, 95.4044, 97.8, 95.2, 94.7]"
0.6,5,24,93.26347935996071,94.71819174398428,1.4547123840235656,"[95.19, 95.2, 97.7, 95.2, 95.15]"
0.6,5,25,94.12478061988132,94.72671224795252,0.601931628071199,"[94.3, 94.87, 97.57, 94.4, 94.5]"
0.6,5,26,95.79576348717502,95.47310539487,-0.3226580923050193,"[94.6, 94.76, 97.4, 94.78, 94.75]"
0.6,5,27,92.79177404425816,94.80190961770326,2.0101355734450976,"[96.0, 95.26, 97.5, 96.2, 95.75]"
0.6,5,28,92.4089089836259,94.09196359345037,1.6830546098244668,"[94.5, 94.87, 97.3, 94.5, 94.9]"
0.6,5,29,90.7046337391474,92.94705349565896,2.242419756511566,"[93.4, 94.43, 97.2, 93.38, 93.8]"
0.6,5,30,90.48149366933241,92.16419746773298,1.682703798400567,"[91.8, 93.68, 97.1, 91.65, 92.2]"
0.6,5,31,88.26617498947304,91.01406999578921,2.7478950063161705,"[91.35, 93.03, 96.8, 91.45, 91.6]"
0.6,5,32,88.39105466040711,90.39442186416284,2.0033672037557295,"[90.05, 91.9, 96.7, 89.9, 90.1]"
0.6,5,33,88.41247309749815,90.16898923899927,1.7565161415011232,"[89.75, 91.1, 96.2, 90.05, 89.6]"
0.6,5,34,87.96388240895661,90.00155296358264,2.0376705546260325,"[89.7, 90.75, 96.3, 90.35, 89.7]"
0.6,5,35,86.22565653117475,89.13706261246989,2.911406081295141,"[89.5, 90.19, 95.8, 90.05, 89.85]"
0.6,5,36,85.63070878890373,88.30628351556149,2.675574726657757,"[88.4, 89.55, 95.4, 88.5, 88.6]"
0.6,5,37,83.86575689900204,87.21630275960081,3.3505458605987712,"[87.7, 88.95, 95.5, 87.5, 87.6]"
0.6,5,38,81.7048377246638,85.68353508986552,3.978697365201711,"[86.3, 88.1, 94.8, 86.13, 86.35]"
0.6,5,39,82.15510032236631,84.95404012894653,2.798939806580222,"[84.2, 86.4, 94.8, 84.0, 84.7]"
0.6,5,40,80.43279003354665,84.11631601341867,3.683525979872016,"[84.2, 85.59, 95.0, 84.22, 83.85]"
0.6,6,1,102.23074876684133,100.89229950673653,-1.3384492601047953,"[100, 100, 100, 100, 100]"
0.6,6,2,106.03426824047796,102.9490870002331,-3.08518124024485,"[100.89229950673653, 100.89229950673653, 100.89229950673653, 100.89229950673653, 100.89229950673653]"
0.6,6,3,100.85627568582095,102.66670909207106,1.8104334062501124,"[105.00587449372966, 102.43, 101.9207, 105.00587449372966, 105.00587449372968]"
0.6,6,4,100.67899510689469,101.74159804275789,1.0626029358631968,"[102.38, 102.42, 102.2, 102.45, 102.8]"
0.6,6,5,102.84382519885402,101.8455300795416,-0.9982951193124165,"[100.82, 101.9, 102.06, 100.17, 100.95]"
0.6,6,6,105.7686766675794,103.44507066703176,-2.3236060005476418,"[101.95, 101.93, 102.0, 101.9, 101.7]"
0.6,6,7,107.2679791514763,105.20279166059052,-2.0651874908857764,"[105.04, 102.99, 102.3, 105.0, 103.8]"
0.6,6,8,110.63898778468884,107.42959511387554,-3.209392670813301,"[106.95, 104.1, 102.7, 107.0, 105.7]"
0.6,6,9,111.39380220174642,109.19312088069857,-2.2006813210478526,"[109.2, 106.2, 103.8, 110.13, 109.3]"
0.6,6,10,112.74143748875406,110.38377499550161,-2.357662493252448,"[110.95, 107.31, 104.2, 110.7, 110.9]"
0.6,6,11,113.25838335128775,111.1233533405151,-2.1350300107726525,"[111.6, 108.8, 105.2, 111.2, 111.7]"
0.6,6,12,110.96275592158683,110.43910236863474,-0.5236535529520978,"[111.9, 109.9, 105.3, 111.55, 111.8]"
0.6,6,13,109.20884229674779,109.23713691869912,0.028294621951332033,"[109.75, 110.08, 106.0, 109.75, 110.7]"
0.6,6,14,110.15117256597536,108.80886902639014,-1.3423035395852168,"[108.0, 109.57, 106.1, 107.6, 108.3]"
0.6,6,15,108.98931112356843,108.55172444942735,-0.4375866741410732,"[108.1, 109.35, 106.4, 109.15, 108.3]"
0.6,6,16,111.90841816706165,109.65936726682466,-2.2490509002369947,"[108.2, 109.1, 106.7, 108.5, 108.3]"
0.6,6,17,114.95360058031164,111.62144023212466,-3.3321603481869886,"[110.2, 109.5, 106.8, 110.6, 109.9]"
0.6,6,18,119.28365360768366,114.58946144307346,-4.6941921646102,"[113.2, 110.6, 107.1, 114.0, 112.4]"
0.6,6,19,119.3407472684061,116.42429890736244,-2.9164483610436633,"[117.5, 112.8, 107.8, 118.4, 115.9]"
0.6,6,20,122.81228100253269,118.36491240101307,-4.447368601519614,"[118.4, 114.7, 108.0, 118.1, 117.8]"
0.6,6,21,120.72800902367084,118.71320360946834,-2.014805414202499,"[120.2, 116.8, 109.25, 120.3, 120.3]"
0.6,6,22,118.89180305135517,117.75672122054208,-1.1350818308130926,"[120.0, 117.3, 109.5, 118.7, 119.5]"
0.6,6,23,119.20443050327168,116.98177220130867,-2.2226583019630084,"[116.85, 117.5, 109.5, 116.85, 116.8]"
0.6,6,24,119.99721561713224,117.14408624685291,-2.8531293702793334,"[116.21, 117.3, 109.8, 116.5, 116.4]"
0.6,6,25,116.33672325119531,116.13468930047813,-0.20203395071717978,"[117.4, 117.45, 110.2, 117.45, 117.5]"
0.6,6,26,112.49112042944427,113.86924817177768,1.3781277423334188,"[115.5, 116.74, 110.7, 115.2, 115.8]"
0.6,6,27,113.40617658797805,112.65847063519121,-0.7477059527868448,"[111.6, 115.2, 110.6, 111.3, 112.1]"
0.6,6,28,111.57891468922048,111.7835658756882,0.2046511864677143,"[111.2, 114.2, 110.5, 112.3, 111.4]"
0.6,6,29,114.42267149476788,112.47706859790716,-1.94560289686072,"[110.5, 112.8, 110.5, 111.2, 110.9]"
0.6,6,30,115.44453066875388,113.42581226750156,-2.018718401252329,"[111.8, 112.7, 110.6, 113.2, 112.1]"
0.6,6,31,116.27218358945612,114.55247343578245,-1.7197101536736739,"[114.2, 113.13, 110.9, 114.5, 114.3]"
0.6,6,32,116.87473326739638,115.37189330695855,-1.502839960437825,"[115.6, 114.2, 110.9, 115.75, 115.4]"
0.6,6,33,119.10580398995555,116.54632159598222,-2.559482393973326,"[116.3, 114.4, 111.2, 116.1, 116.2]"
0.6,6,34,118.86058888147097,117.0182355525884,-1.8423533288825809,"[117.45, 115.5, 111.2, 117.55, 117.25]"
0.6,6,35,121.59111557176003,118.23644622870401,-3.354669343056017,"[117.8, 116.3, 111.5, 116.9, 117.5]"
0.6,6,36,120.43926701956227,118.55450680782491,-1.8847602117373583,"[118.9, 117.29, 111.8, 119.4, 119.1]"
0.6,6,37,120.0184718948843,118.44138875795373,-1.5770831369305682,"[119.1, 118.0, 112.25, 118.8, 118.8]"
0.6,6,38,118.514528861714,117.7834115446856,-0.7311173170283922,"[118.8, 118.3, 112.5, 118.28, 118.6]"
0.6,6,39,120.05966134814061,117.80386453925624,-2.2557968088843694,"[117.1, 117.9, 112.2, 117.1, 117.2]"
0.6,6,40,120.26606323379646,118.15402529351859,-2.1120379402778724,"[117.6, 117.98, 112.3, 117.9, 117.95]"
0.6,7,1,100.10251281521916,100.04100512608767,-0.06150768913148852,"[100, 100, 100, 100, 100]"
0.6,7,2,100.80315954166508,100.34586689231864,-0.4572926493464422,"[100.04100512608767, 100.04100512608767, 100.04100512608767, 100.04100512608767, 100.04100512608767]"
0.6,7,3,100.35229477542917,100.4307925483539,0.07849777292473448,"[100.65072865854961, 100.27, 100.19343600920315, 100.65072865854961, 100.65072865854961]"
0.6,7,4,98.67929091390846,99.72236036556339,1.0430694516549295,"[100.5157, 100.35, 100.273, 100.45, 100.5]"
0.6,7,5,97.88386160319668,98.90454464127868,1.020683038081998,"[99.01, 99.98, 100.135, 99.05, 99.75]"
0.6,7,6,96.05767181075333,97.63946872430134,1.5817969135480041,"[98.09, 99.4, 99.85, 97.98, 98.15]"
0.6,7,7,96.26950780949738,96.87820312379895,0.6086953143015705,"[96.37, 98.1, 99.5, 95.95, 96.5]"
0.6,7,8,98.98377383874679,97.82830953549872,-1.155464303248067,"[96.12, 97.57, 99.0, 96.3, 96.3]"
0.6,7,9,98.11220823924421,98.33768329569769,0.22547505645347599,"[98.78, 98.01, 98.8, 98.65, 98.2]"
0.6,7,10,96.99915893719948,97.96326357487979,0.9641046376803075,"[98.75, 98.13, 98.85, 98.6, 98.7]"
0.6,7,11,98.05211751817751,97.98484700727099,-0.0672705109065248,"[97.6, 97.85, 98.7, 97.65, 97.9]"
0.6,7,12,98.85329564133647,98.4001182565346,-0.45317738480187586,"[98.01, 97.89, 98.65, 97.99, 97.95]"
0.6,7,13,99.16103788292212,98.82921515316886,-0.3318227297532559,"[98.7, 98.24, 98.65, 98.85, 98.6]"
0.6,7,14,97.43015993446934,98.34446397378773,0.914304039318381,"[99.05, 98.6, 98.72, 99.25, 99.15]"
0.6,7,15,97.47059828922575,97.9358393156903,0.4652410264645539,"[97.86, 98.32, 98.65, 97.95, 98.45]"
0.6,7,16,98.93438379155063,98.33175351662025,-0.6026302749303767,"[97.53, 98.12, 98.55, 97.7, 97.75]"
0.6,7,17,96.40639614450534,97.68775845780215,1.2813623132968104,"[98.7, 98.31, 98.6, 98.65, 98.45]"
0.6,7,18,95.62365572225119,96.90306228890047,1.2794065666492855,"[97.3, 97.95, 98.48, 97.1, 97.95]"
0.6,7,19,92.14798150672213,94.99679260268886,2.848811095966724,"[96.2, 97.45, 98.2, 95.98, 96.65]"
0.6,7,20,89.89164716523487,92.96505886609394,3.0734117008590687,"[94.1, 95.87, 98.1, 92.6, 94.4]"
0.6,7,21,86.72743969858602,90.4909758794344,3.7635361808483765,"[90.8, 94.3, 97.8, 90.9, 91.2]"
0.6,7,22,86.40698360216622,88.92519344086651,2.5182098387002867,"[88.0, 91.92, 97.0, 87.8, 88.3]"
0.6,7,23,84.32847347695457,87.69298939078183,3.364515913827262,"[87.18, 90.5, 97.0, 87.6, 87.4]"
0.6,7,24,84.87205259204676,87.30322103681871,2.4311684447719557,"[86.4, 89.02, 96.0, 86.8, 86.4]"
0.6,7,25,85.22372696349068,87.44749078539627,2.2237638219055924,"[86.8, 87.95, 95.8, 87.1, 87.0]"
0.6,7,26,84.99065095358596,87.46226038143439,2.471609427848435,"[87.1, 87.75, 95.5, 87.65, 87.55]"
0.6,7,27,80.8993724917874,85.76814899671496,4.868776504927553,"[87.52, 87.62, 95.0, 87.48, 87.45]"
0.6,7,28,80.11252505086837,84.10701002034736,3.9944849694789895,"[84.4, 86.45, 94.4, 84.1, 84.5]"
0.6,7,29,80.11492694785612,83.31717077914246,3.2022438312863386,"[82.5, 85.26, 94.5, 82.5, 82.5]"
0.6,7,30,80.37702449336855,83.33920979734742,2.9621853039788704,"[82.6, 84.47, 94.2, 82.8, 82.5]"
0.6,7,31,78.03251938745412,82.35100775498164,4.318488367527522,"[83.1, 83.7, 93.0, 83.45, 82.9]"
0.6,7,32,77.36779351228017,81.34711740491207,3.9793238926318963,"[81.4, 82.9, 92.7, 81.5, 81.5]"
0.6,7,33,75.94430236154115,80.26172094461646,4.317418583075309,"[80.35, 81.81, 92.8, 80.34, 80.4]"
0.6,7,34,74.8004172488485,79.23416689953942,4.433749650690913,"[79.2, 80.9, 92.5, 79.1, 79.25]"
0.6,7,35,76.4809305288429,79.39157221153717,2.910641682694262,"[78.24, 80.0, 92.0, 78.22, 78.2]"
0.6,7,36,75.33092507928669,79.20517003171469,3.8742449524280005,"[79.5, 79.84, 91.5, 79.5, 78.6]"
0.6,7,37,75.35726280510916,78.98290512204366,3.6256423169345027,"[78.7, 79.55, 90.8, 79.35, 78.6]"
0.6,7,38,76.77876506468851,79.36550602587542,2.586740961186905,"[78.75, 79.2, 90.0, 78.75, 78.75]"
0.6,7,39,75.96373814198488,79.40549525679394,3.4417571148090644,"[79.6, 79.3, 90.8, 79.6, 79.2]"
0.6,7,40,75.87005374415253,79.21682149766102,3.3467677535084874,"[79.5, 79.34, 89.8, 79.2, 79.4]"
0.6,8,1,96.67983585517935,98.67193434207175,1.9920984868924023,"[100, 100, 100, 100, 100]"
0.6,8,2,94.22372448493383,96.89265039921658,2.6689259142827524,"[98.67193434207175, 98.67193434207175, 98.67193434207175, 98.67193434207175, 98.67193434207175]"
0.6,8,3,91.78509016968498,94.36924799216409,2.5841578224791135,"[95.1133664563614, 97.34, 97.78, 95.1133664563614, 95.1133664563614]"
0.6,8,4,91.23307769598829,92.48493980311841,1.2518621071301226,"[91.8458455851116, 95.5, 96.3, 91.1017271209143, 91.85]"
0.6,8,5,87.19664834482937,90.20345933793175,3.006810993102377,"[90.38, 93.4, 95.6, 91.24, 90.42]"
0.6,8,6,86.9547570813062,88.68830283252248,1.7335457512162833,"[88.0, 91.5, 93.7, 87.92, 88.1]"
0.6,8,7,85.3912268377344,87.46889073509377,2.077663897359372,"[86.69, 89.58, 93.5, 87.8, 86.7]"
0.6,8,8,87.01803264677032,87.48121305870814,0.4631804119378131,"[86.0, 88.1, 92.2, 86.55, 86.1]"
0.6,8,9,88.78807174063353,88.53122869625341,-0.25684304438011907,"[87.2, 87.9, 91.6, 87.8, 87.3]"
0.6,8,10,91.386473787527,90.4441895150108,-0.94228427251619,"[89.58, 88.5, 91.18, 90.62, 89.2]"
0.6,8,11,92.89286878247428,92.15914751298972,-0.7337212694845618,"[92.2, 89.5, 91.4, 92.8, 92.45]"
0.6,8,12,92.88724005620318,92.79889602248126,-0.08834403372192412,"[94.0, 90.7, 91.7, 93.7, 93.6]"
0.6,8,13,94.59287582126319,93.4931503285053,-1.0997254927578979,"[94.0, 91.8, 91.9, 93.0, 93.1]"
0.6,8,14,97.58187682480255,95.09675072992103,-2.4851260948815224,"[94.2, 92.8, 92.0, 94.1, 94.1]"
0.6,8,15,96.41096088100662,95.68438435240265,-0.7265765286039709,"[96.6, 94.1, 92.4, 96.7, 96.2]"
0.6,8,16,97.69270805218179,96.22708322087271,-1.4656248313090714,"[96.73, 94.77, 92.6, 95.95, 96.2]"
0.6,8,17,97.70702337313293,96.49080934925317,-1.2162140238797576,"[96.9, 95.4, 92.8, 96.5, 96.8]"
0.6,8,18,100.66254439087038,97.75701775634815,-2.905526634522232,"[96.75, 95.95, 93.1, 96.6, 96.7]"
0.6,8,19,99.09072827810606,97.96829131124241,-1.1224369668636456,"[98.6, 97.3, 93.2, 98.8, 98.2]"
0.6,8,20,98.59346145002758,97.72858458001103,-0.8648768700165448,"[98.2, 97.51, 93.8, 98.1, 98.15]"
0.6,8,21,99.40990110248961,97.82356044099585,-1.5863406614937645,"[97.5, 97.48, 93.8, 97.45, 97.6]"
0.6,8,22,100.02437664374105,98.26975065749642,-1.7546259862446334,"[98.05, 97.7, 94.0, 97.85, 97.9]"
0.6,8,23,96.89471372338242,97.37788548935298,0.4831717659705532,"[98.7, 98.1, 94.4, 98.85, 98.45]"
0.6,8,24,97.69282019961067,96.97832807984426,-0.7144921197664047,"[96.6, 97.61, 94.1, 96.6, 97.6]"
0.6,8,25,97.55907716257146,96.86483086502858,-0.6942462975428754,"[96.6, 97.31, 94.4, 97.1, 96.6]"
0.6,8,26,97.18954628172551,96.7230185126902,-0.46652776903530935,"[96.7, 97.16, 94.6, 96.9, 96.7]"
0.6,8,27,96.98507725153304,96.53803090061322,-0.4470463509198197,"[96.5, 97.0, 94.6, 96.65, 96.45]"
0.6,8,28,97.50820789531265,96.65488315812505,-0.8533247371876058,"[96.35, 96.72, 94.7, 96.31, 96.35]"
0.6,8,29,94.12358424386898,95.42103369754759,1.2974494536786096,"[96.5, 96.68, 94.8, 96.75, 96.7]"
0.6,8,30,97.18904274324841,95.89001709729936,-1.299025645949044,"[95.0, 95.93, 94.7, 94.19, 95.3]"
0.6,8,31,95.62450758230092,95.64820303292035,0.023695450619428016,"[95.6, 96.07, 94.8, 96.2, 95.65]"
0.6,8,32,91.52405057008633,93.86762022803453,2.343569657948194,"[95.3, 95.85, 94.8, 95.7, 95.5]"
0.6,8,33,91.4655405765407,92.67421623061628,1.2086756540755772,"[92.5, 94.8, 94.5, 92.3, 93.3]"
0.6,8,34,94.26518279121152,93.20607311648462,-1.0591096747268978,"[91.5, 93.4, 94.3, 91.5, 91.8]"
0.6,8,35,93.38585464379355,93.61034185751743,0.2244872137238758,"[93.5, 93.7, 94.4, 93.7, 93.5]"
0.6,8,36,96.42498967086873,94.9939958683475,-1.430993802521229,"[94.0, 93.95, 94.4, 93.85, 94.0]"
0.6,8,37,99.57431372412277,96.9677254896491,-2.6065882344736764,"[95.6, 94.35, 94.6, 96.2, 95.4]"
0.6,8,38,97.96885270896802,97.4595410835872,-0.5093116253808176,"[98.25, 95.8, 94.9, 99.0, 97.65]"
0.6,8,39,93.34918901218566,95.53367560487428,2.1844865926886143,"[98.2, 96.5, 94.9, 97.3, 98.05]"
0.6,8,40,91.16249078344345,93.36899631337738,2.206505529933935,"[94.8, 95.9, 94.8, 93.7, 95.0]"
0.8,1,1,100.79430639137112,100.15886127827422,-0.6354451130969068,"[100, 100, 100, 100, 100]"
0.8,1,2,102.56679375089921,100.6404477727992,-1.9263459781000023,"[100.15886127827422, 100.15886127827422, 100.15886127827422, 100.15886127827422, 100.15886127827422]"
0.8,1,3,103.35017446479658,101.35901134127492,-1.991163123521659,"[101.12203426732418, 100.52, 100.42, 101.12203426732418, 101.12203426732418]"
0.8,1,4,100.79208488531063,101.49883297706212,0.7067480917514928,"[102.0776, 101.05, 100.85, 102.31, 102.09]"
0.8,1,5,102.73644750591856,101.59735963595972,-1.1390878699588427,"[101.63865, 101.25, 100.91428834235, 101.06, 101.7]"
0.8,1,6,103.76144210422284,101.96348842084457,-1.7979536833782674,"[101.7, 101.42, 101.1, 101.65, 101.7]"
0.8,1,7,102.7558076237336,102.20716152474672,-0.5486460989868789,"[102.35, 101.78, 101.28, 102.6, 102.34]"
0.8,1,8,104.06104891825456,102.57380978365092,-1.4872391346036409,"[102.55, 102.08, 101.5, 102.4, 102.48]"
0.8,1,9,104.92745259309471,103.01269051861894,-1.9147620744757745,"[102.9, 102.33, 101.65, 102.91, 102.88]"
0.8,1,10,105.65212248156105,103.49202449631221,-2.1600979852488393,"[103.36, 102.72, 101.8, 103.5, 103.38]"
0.8,1,11,105.81796202754815,103.90461640550961,-1.913345622038534,"[103.9714, 103.3, 101.95, 103.98, 103.93]"
0.8,1,12,107.08838678173285,104.45287735634659,-2.6355094253862603,"[104.35, 103.7, 102.2, 104.32, 104.4]"
0.8,1,13,105.62820795881078,104.58964159176215,-1.038566367048631,"[104.92, 103.97, 102.9, 105.02, 104.84]"
0.8,1,14,105.38994757039683,104.51798951407936,-0.8719580563174674,"[104.95, 104.4, 102.5, 104.7, 104.95]"
0.8,1,15,104.48305145423976,104.24381029084795,-0.23924116339181012,"[104.7, 104.35, 102.7, 104.45, 104.72]"
0.8,1,16,105.8477557796195,104.1839511559239,-1.6638046236955972,"[103.95, 104.29, 102.8, 103.85, 103.95]"
0.8,1,17,106.0378639720986,104.31317279441971,-1.724691177678892,"[103.95, 104.29, 102.9, 104.22, 104.05]"
0.8,1,18,105.52491673287437,104.41538334657488,-1.1095333862994892,"[104.45, 104.34, 103.0, 104.45, 104.45]"
0.8,1,19,103.9914759066535,104.14389518133069,0.15241927467718597,"[104.55, 104.38, 103.1, 104.36, 104.52]"
0.8,1,20,103.56144297890188,103.80028859578036,0.2388456168784785,"[104.0, 104.2, 103.1, 103.9, 104.1]"
0.8,1,21,103.6819387864623,103.53798775729246,-0.14395102916984115,"[103.45, 103.98, 103.2, 103.43, 103.45]"
0.8,1,22,103.21517368164648,103.33263473632931,0.11746105468283474,"[103.25, 103.79, 103.15, 103.32, 103.3]"
0.8,1,23,106.02735748843239,103.79107149768647,-2.2362859907459125,"[103.1, 103.59, 103.12, 103.25, 103.1]"
0.8,1,24,108.29203836099185,104.70960767219836,-3.582430688793494,"[104.05, 103.72, 103.2, 104.2, 103.9]"
0.8,1,25,102.67907907235086,104.31181581447018,1.6327367421193202,"[105.3, 104.4, 103.3, 105.7, 104.9]"
0.8,1,26,98.97112314020644,102.94302462804129,3.9719014878348418,"[103.91, 104.17, 103.3, 103.9, 104.4]"
0.8,1,27,98.72445436026383,101.66169087205277,2.9372365117889387,"[101.8, 103.38, 103.2, 101.2, 102.4]"
0.8,1,28,97.99229685502732,100.74245937100547,2.750162515978147,"[100.4, 102.4, 103.0, 100.45, 100.9]"
0.8,1,29,98.51036115244918,100.41407223048985,1.903711078040672,"[99.75, 101.7, 102.9, 100.2, 99.9]"
0.8,1,30,99.03845119439917,100.51969023887985,1.4812390444806738,"[99.8, 101.25, 102.9, 100.35, 100.15]"
0.8,1,31,103.42688580503518,101.49337716100703,-1.9335086440281515,"[100.35, 100.85, 102.8, 100.7, 100.35]"
0.8,1,32,101.25322228108585,101.87464445621717,0.6214221751313147,"[102.2, 101.25, 102.7, 102.2, 101.8]"
0.8,1,33,100.59196969116998,101.894393938234,1.3024242470640246,"[102.3, 101.65, 102.7, 102.2, 102.25]"
0.8,1,34,104.89164474184255,102.59432894836851,-2.2973157934740414,"[102.05, 101.65, 102.65, 101.8, 101.95]"
0.8,1,35,106.36344144357369,103.52548828871474,-2.837953154858951,"[103.03, 102.2, 102.7, 103.2, 102.95]"
0.8,1,36,107.89118682827358,104.50463736565473,-3.386549462618845,"[104.04, 103.0, 102.9, 104.45, 103.9]"
0.8,1,37,106.8945743632761,104.91491487265522,-1.9796594906208895,"[105.4, 103.7, 102.9, 105.35, 104.75]"
0.8,1,38,103.53208441414066,104.43921688282813,0.9071324686874789,"[105.4, 104.5, 102.93, 105.25, 105.25]"
0.8,1,39,103.983356625852,103.8942713251704,-0.08908530068160303,"[103.96, 104.22, 103.1, 103.98, 104.1]"
0.8,1,40,104.31457940961906,103.62291588192382,-0.6916635276952405,"[103.35, 104.15, 103.1, 103.3, 103.35]"
0.8,2,1,100.47925151762907,100.09585030352581,-0.3834012141032588,"[100, 100, 100, 100, 100]"
0.8,2,2,99.5337004485136,99.98342033252337,0.4497198840097667,"[100.09585030352581, 100.09585030352581, 100.09585030352581, 100.09585030352581, 100.09585030352581]"
0.8,2,3,98.81357695903948,99.70727230725123,0.8936953482117502,"[99.87099036152092, 100.0115, 100.03, 99.87099036, 99.87]"
0.8,2,4,94.19863266785303,98.5119025335706,4.313269865717572,"[99.4311, 99.82, 99.93, 99.27, 99.5]"
0.8,2,5,97.74869163113075,97.84893832622616,0.10024669509540729,"[97.3, 98.87, 99.5, 96.4, 97.3]"
0.8,2,6,100.11135649343154,98.3102712986863,-1.8010851947452409,"[97.25, 98.2, 99.1, 97.55, 97.2]"
0.8,2,7,99.56141347650819,98.89468269530164,-0.666730781206553,"[98.77, 98.59, 99.08, 98.7, 98.5]"
0.8,2,8,101.21538858056931,99.59667771611387,-1.618710864455437,"[99.48, 98.8, 99.03, 99.55, 99.1]"
0.8,2,9,101.8880865009274,100.20961730018547,-1.6784692007419295,"[100.3, 99.1, 99.15, 100.5, 99.9]"
0.8,2,10,100.86657087841965,100.40851417568393,-0.45805670273571764,"[100.82, 99.85, 99.35, 100.75, 100.7]"
0.8,2,11,102.96096255367249,100.7601925107345,-2.2007700429379895,"[100.65, 99.95, 99.5, 100.45, 100.5]"
0.8,2,12,102.42581506963579,101.01316301392716,-1.4126520557086337,"[101.2, 100.5, 99.55, 101.1, 100.95]"
0.8,2,13,101.85622937406664,101.05124587481333,-0.8049834992533107,"[101.38, 100.7, 99.7, 101.27, 101.2]"
0.8,2,14,100.35554877506388,100.69830975501279,0.3427609799489062,"[101.2, 100.87, 99.75, 100.98, 101.12]"
0.8,2,15,101.37419071887888,100.56123814377578,-0.8129525751030968,"[100.4, 100.74, 99.85, 100.35, 100.45]"
0.8,2,16,101.2744915234286,100.58929830468571,-0.6851932187428815,"[100.4, 100.69, 99.9, 100.65, 100.45]"
0.8,2,17,102.48744903113526,100.89588980622705,-1.5915592249082096,"[100.65, 100.68, 99.93, 100.65, 100.58]"
0.8,2,18,101.35169820532278,100.91673964106457,-0.4349585642582099,"[101.05, 100.83, 99.98, 101.2, 100.98]"
0.8,2,19,101.71076881980727,100.93895376396145,-0.7718150558458206,"[101.1, 100.82, 100.01, 100.85, 100.95]"
0.8,2,20,100.01175255980364,100.61675051196072,0.6049979521570776,"[100.96, 100.86, 100.1, 100.95, 100.97]"
0.8,2,21,101.81088300285855,100.72217660057171,-1.0887064022868316,"[100.4, 100.68, 100.12, 100.35, 100.7]"
0.8,2,22,102.29672981895945,100.97294596379189,-1.3237838551675623,"[100.78, 100.73, 100.15, 100.8, 100.75]"
0.8,2,23,103.07832395819347,101.31646479163871,-1.761859166554757,"[101.15, 100.91, 100.17, 101.2, 100.95]"
0.8,2,24,104.03206867863764,101.76961373572752,-2.262454942910125,"[101.6, 101.12, 100.25, 101.65, 101.4]"
0.8,2,25,102.05215991424461,101.72083198284894,-0.33132793139567696,"[102.1, 101.42, 100.35, 102.32, 102.0]"
0.8,2,26,103.76696607855433,101.91819321571086,-1.8487728628434752,"[101.85, 101.55, 100.4, 101.68, 101.8]"
0.8,2,27,108.2325042838555,102.97610085677111,-5.256403427084393,"[102.1, 101.58, 100.5, 102.08, 102.05]"
0.8,2,28,104.8481256304665,103.1312251260933,-1.7169005043732,"[103.3, 102.46, 100.6, 104.0, 103.15]"
0.8,2,29,101.38494930225067,102.44818986045014,1.0632405581994675,"[103.45, 102.72, 100.7, 103.3, 103.4]"
0.8,2,30,98.4774928310764,101.39789856621528,2.9204057351388713,"[102.7, 102.44, 100.7, 102.1, 102.7]"
0.8,2,31,100.24901099588598,100.73620219917719,0.4871912032912036,"[100.6, 101.9, 100.7, 99.99, 101.1]"
0.8,2,32,100.60797349413312,100.53919469882663,-0.06877879530648556,"[100.05, 101.44, 100.67, 100.25, 100.2]"
0.8,2,33,102.90419016143444,101.0416380322869,-1.862552129147545,"[100.25, 100.98, 100.65, 100.65, 100.35]"
0.8,2,34,104.50626065356566,101.86765213071314,-2.638608522852522,"[101.45, 101.14, 100.7, 101.45, 101.3]"
0.8,2,35,105.052309983213,102.5784619966426,-2.473847986570391,"[102.5, 101.5, 100.85, 102.8, 102.15]"
0.8,2,36,105.75648916680834,103.13049783336167,-2.625991333446663,"[103.2, 102.12, 100.9, 103.25, 102.9]"
0.8,2,37,105.50348329325892,103.36629665865179,-2.137186634607133,"[103.6, 102.48, 100.95, 103.58, 103.55]"
0.8,2,38,107.45940771352731,103.89668154270548,-3.5627261708218327,"[103.65, 103.08, 101.1, 103.5, 103.7]"
0.8,2,39,105.16377052636484,103.84875410527297,-1.315016421091869,"[104.25, 103.45, 101.2, 104.35, 104.35]"
0.8,2,40,104.38455019232059,103.53131003846413,-0.8532401538564613,"[104.1, 103.74, 101.15, 103.7, 103.9]"
0.8,3,1,104.27050879862372,100.85410175972474,-3.4164070388989813,"[100, 100, 100, 100, 100.0]"
0.8,3,2,99.1739389709415,100.51806892041215,1.3441299494706413,"[100.85410175972474, 100.85410175972474, 100.8541, 100.85410175972474, 100.85410175972474]"
0.8,3,3,100.10676282456572,100.315129684769,0.20836686020328443,"[100.18203599909955, 100.6, 100.69, 100.18203599999956, 100.182035]"
0.8,3,4,99.07546699358694,100.04189187057753,0.9664248769905868,"[100.11219044912585, 100.44, 100.5, 100.2453, 100.12]"
0.8,3,5,98.28081760516615,99.63169952103321,1.3508819158670633,"[99.7687, 100.18, 100.43, 99.6984, 99.77]"
0.8,3,6,97.95585553853992,99.21861110770799,1.262755569168064,"[99.2215, 99.82, 100.2, 99.13, 99.3]"
0.8,3,7,94.17146354430888,98.19989270886177,4.02842916455289,"[98.8, 99.51, 100.1, 98.805, 98.82]"
0.8,3,8,93.82942942710429,97.28908588542087,3.459656458316587,"[97.5, 98.72, 99.6, 97.15, 97.8]"
0.8,3,9,92.31201365698628,96.30400273139725,3.9919890744109665,"[96.4, 97.75, 99.3, 96.51, 96.55]"
0.8,3,10,98.75423433157553,96.8308468663151,-1.9233874652604328,"[95.35, 96.85, 98.9, 95.3, 95.35]"
0.8,3,11,99.3004412288591,97.80728824577183,-1.4931529830872705,"[97.36, 97.2, 98.71, 97.3, 96.6]"
0.8,3,12,98.70122903064494,98.46824580612899,-0.232983224515948,"[98.7, 97.55, 98.6, 98.75, 98.45]"
0.8,3,13,98.24571633781188,98.65714326756236,0.41142692975047623,"[99.15, 98.15, 98.7, 98.95, 98.85]"
0.8,3,14,97.03878299267522,98.41095659853505,1.3721736058598282,"[99.2, 98.3, 98.75, 98.72, 98.8]"
0.8,3,15,95.10748872428609,97.63429774485721,2.5268090205711218,"[98.16, 98.22, 98.7, 98.1, 98.15]"
0.8,3,16,94.46143846906611,96.87628769381321,2.414849224747101,"[97.0, 97.95, 98.6, 96.75, 97.1]"
0.8,3,17,95.47176988250881,96.56795397650177,1.0961840939929601,"[96.12, 97.5, 98.3, 96.14, 96.15]"
0.8,3,18,95.11241695053918,96.43048339010784,1.3180664395686534,"[95.9, 97.05, 98.2, 96.7, 95.95]"
0.8,3,19,97.04887352540993,96.83377470508199,-0.21509882032793826,"[96.2, 96.78, 98.1, 96.52, 96.3]"
0.8,3,20,96.75854610169098,97.19810922033821,0.43956311864722863,"[97.2, 96.85, 98.2, 97.24, 97.05]"
0.8,3,21,96.90235782023203,97.3868715640464,0.4845137438143752,"[97.55, 96.99, 98.1, 97.5, 97.4]"
0.8,3,22,100.04501834491562,98.04900366898315,-1.9960146759324715,"[97.58, 97.14, 98.01, 97.47, 97.55]"
0.8,3,23,101.2428796013537,98.91097592027074,-2.331903681082963,"[98.65, 97.7, 98.14, 98.75, 98.4]"
0.8,3,24,100.32528971128572,99.35305794225715,-0.9722317690285678,"[99.7, 98.3, 98.25, 99.85, 99.45]"
0.8,3,25,100.05910129758934,99.46782025951788,-0.5912810380714575,"[99.85, 98.9, 98.35, 99.7, 99.8]"
0.8,3,26,101.2478556523035,99.5983711304607,-1.649484521842794,"[99.8, 99.13, 98.4, 99.3, 99.3]"
0.8,3,27,105.34843529563265,100.58488705912652,-4.763548236506139,"[99.8, 99.35, 98.4, 99.7, 99.72]"
0.8,3,28,104.88671690851069,101.32134338170215,-3.5653735268085427,"[101.01, 100.15, 98.64, 101.4, 100.95]"
0.8,3,29,104.48146712317586,101.77629342463516,-2.7051736985407047,"[102.1, 100.7, 98.8, 102.0, 101.9]"
0.8,3,30,106.7037154964446,102.36474309928892,-4.338972397155686,"[102.2, 101.2, 98.8, 102.15, 102.05]"
0.8,3,31,104.93349628027934,102.50669925605587,-2.4267970242234753,"[102.9, 101.85, 98.95, 102.95, 102.85]"
0.8,3,32,104.4274295493522,102.38148590987045,-2.0459436394817487,"[102.9, 102.1, 99.1, 102.65, 102.6]"
0.8,3,33,106.3933585627018,102.58267171254036,-3.8106868501614457,"[102.25, 102.25, 99.15, 102.2, 102.3]"
0.8,3,34,107.74315020283156,103.18543004056632,-4.557720162265241,"[102.8, 102.45, 99.45, 102.78, 102.75]"
0.8,3,35,108.0485312725511,103.74570625451022,-4.302825018040878,"[103.6, 102.9, 99.5, 103.7, 103.65]"
0.8,3,36,109.61591533936213,104.45118306787242,-5.1647322714897115,"[104.3, 103.4, 99.6, 104.25, 104.25]"
0.8,3,37,103.69141560782167,103.71428312156434,0.02286751374266771,"[105.05, 103.9, 99.65, 105.1, 104.9]"
0.8,3,38,105.937094213569,103.3554188427138,-2.5816753708551943,"[102.98, 103.62, 99.9, 103.15, 103.9]"
0.8,3,39,104.02721753182966,102.82400350636594,-1.2032140254637227,"[102.996, 103.6, 99.8, 103.2, 103.02]"
0.8,3,40,100.71353250807509,101.72670650161501,1.0131739935399224,"[102.3, 103.15, 99.9, 102.25, 102.3]"
0.8,4,1,98.80363177513341,99.76072635502668,0.9570945798932655,"[100, 100, 100, 100, 100]"
0.8,4,2,98.55748845749585,99.5200787755205,0.9625903180246524,"[99.76072635502668, 99.76072635502668, 99.76072635502668, 99.76072635502668, 99.76072635502668]"
0.8,4,3,101.99405190399263,99.9265373548854,-2.06751454910723,"[99.27943119601431, 99.58, 99.63, 99.27943119601431, 99.27943119601431]"
0.8,4,4,103.45093599110197,100.75578719822039,-2.6951487928815823,"[100.33, 99.83, 99.75, 100.57, 99.93]"
0.8,4,5,100.210152514914,100.83016442963167,0.620011914717665,"[101.58503704155538, 100.4, 99.9908, 101.9, 101.05]"
0.8,4,6,100.29997450081342,100.63119490016268,0.33122039934926306,"[101.17, 100.55, 100.2, 100.7, 100.95]"
0.8,4,7,99.15617832348711,100.21523566469742,1.0590573412103055,"[100.43, 100.68, 100.28, 100.43, 100.58]"
0.8,4,8,99.55087264655623,99.92937452931125,0.3785018827550175,"[99.85, 100.34, 100.23, 99.75, 99.95]"
0.8,4,9,96.49633619183842,99.25766723836769,2.761331046529264,"[99.64, 100.2, 100.15, 100.05, 99.7]"
0.8,4,10,97.06108069735906,98.76581613947181,1.7047354421127494,"[98.85, 99.7, 100.01, 98.45, 98.95]"
0.8,4,11,97.61665229210877,98.56173045842176,0.9450781663129959,"[98.3, 99.16, 99.8, 98.38, 98.35]"
0.8,4,12,100.84257295750032,99.14931459150006,-1.693258366000265,"[98.15, 98.88, 99.7, 98.55, 98.35]"
0.8,4,13,101.58475935771222,99.85615187154245,-1.7286074861697642,"[99.45, 99.07, 99.7, 99.55, 99.35]"
0.8,4,14,102.73002707720286,100.66440541544057,-2.065621661762293,"[100.5, 99.5, 99.79, 100.65, 100.3]"
0.8,4,15,99.80737886479555,100.63667577295911,0.8292969081635562,"[101.35, 100.15, 99.9, 101.5, 101.32]"
0.8,4,16,104.51145677434423,101.24149135486884,-3.2699654194753833,"[100.85, 100.3, 99.97, 100.45, 100.55]"
0.8,4,17,100.68368678520375,100.97993735704075,0.29625057183700676,"[101.8, 100.75, 100.0, 101.82, 100.9]"
0.8,4,18,103.02996060133898,101.2187921202678,-1.811168481071178,"[101.3, 100.83, 100.1, 100.75, 100.85]"
0.8,4,19,102.45480188200905,101.31496037640181,-1.1398415056072366,"[101.45, 101.08, 100.17, 101.35, 101.1]"
0.8,4,20,100.76678764756957,101.07815752951392,0.31136988194434423,"[101.5, 101.2, 100.28, 101.4, 101.4]"
0.8,4,21,99.5522979383942,100.66565958767885,1.1133616492846414,"[101.2, 101.12, 100.3, 100.95, 101.15]"
0.8,4,22,98.32150967895384,99.99390193579077,1.672392256836929,"[100.4, 100.86, 100.3, 100.15, 100.35]"
0.8,4,23,99.17109608606921,99.60541921721385,0.4343231311446374,"[99.35, 100.32, 100.2, 99.25, 99.45]"
0.8,4,24,99.05204586758668,99.55760917351733,0.5055633059306501,"[99.2, 100.02, 100.1, 99.85, 99.25]"
0.8,4,25,102.13514130246895,100.15022826049379,-1.9849130419751617,"[99.25, 99.82, 100.1, 99.75, 99.35]"
0.8,4,26,98.56387060951815,99.98317412190363,1.4193035123854827,"[100.45, 100.08, 100.16, 100.65, 100.35]"
0.8,4,27,98.65640445327085,99.64808089065417,0.9916764373833189,"[99.75, 99.92, 100.14, 99.82, 99.85]"
0.8,4,28,97.00883293670077,99.10736658734015,2.098533650639382,"[99.3, 99.79, 100.1, 99.32, 99.65]"
0.8,4,29,98.62447663241963,98.99049532648392,0.36601869406429444,"[98.7, 99.4, 100.01, 98.55, 98.75]"
0.8,4,30,94.62845954458277,98.29529190891654,3.6668323643337715,"[98.7, 99.3, 100.03, 98.93, 99.1]"
0.8,4,31,94.0742519359436,97.55725038718872,3.4829984512451233,"[97.8, 98.75, 99.84, 97.7, 98.05]"
0.8,4,32,94.56503919440512,97.12420783888103,2.5591686444759176,"[96.85, 98.15, 99.85, 96.82, 97.15]"
0.8,4,33,91.8909429816849,96.39738859633698,4.50644561465208,"[96.7, 97.67, 99.7, 96.85, 96.7]"
0.8,4,34,93.81331371386727,96.17866274277344,2.3653490289061665,"[95.75, 96.95, 99.6, 95.75, 95.8]"
0.8,4,35,94.24342397736281,96.17988479547259,1.9364608181097793,"[95.72, 96.65, 99.3, 96.05, 95.6]"
0.8,4,36,96.25666207966022,96.70733241593206,0.45067033627184117,"[95.95, 96.4, 99.4, 96.25, 96.1]"
0.8,4,37,98.21921657555417,97.55104331511085,-0.668173260443325,"[97.2, 96.52, 99.2, 97.15, 96.85]"
0.8,4,38,96.40950468085144,97.8211009361703,1.4115962553188552,"[98.2, 97.15, 99.22, 98.35, 97.95]"
0.8,4,39,94.9783411652151,97.55566823304302,2.577327067827923,"[98.2, 97.55, 99.2, 97.9, 98.15]"
0.8,4,40,94.6875220104606,97.07990440209213,2.3923823916315285,"[97.3, 97.44, 99.1, 97.3, 97.25]"
0.8,5,1,98.50738869364739,99.70147773872947,1.1940890450820802,"[100, 100, 100, 100, 100]"
0.8,5,2,96.02843807712556,98.96686980640868,2.938431729283124,"[99.70147773872947, 99.70147773872947, 99.70147773872947, 99.70147773872947, 99.70147773872947]"
0.8,5,3,95.64822563648325,98.03313692700478,2.3849112905215293,"[98.2322618740879, 99.15, 99.3, 98.2322618740879, 98.2323]"
0.8,5,4,96.55241774030245,97.45128354806049,0.8988658077580425,"[97.1, 98.38, 98.8, 96.9, 97.2]"
0.8,5,5,98.87011119229156,97.63802223845832,-1.232088953833241,"[96.7, 97.82, 98.45, 96.98, 96.7]"
0.8,5,6,99.18641987775821,98.09008397555165,-1.0963359022065617,"[97.82, 97.69, 98.2, 97.82, 97.55]"
0.8,5,7,98.19429933680863,98.34605986736172,0.1517605305530907,"[98.54, 97.91, 98.27, 98.8, 98.4]"
0.8,5,8,96.76182580746756,98.09956516149352,1.3377393540259561,"[98.55, 98.2, 98.32, 98.55, 98.55]"
0.8,5,9,98.32000050786179,98.07520010157235,-0.24480040628944266,"[97.9, 98.05, 98.25, 97.85, 98.02]"
0.8,5,10,101.68940628256338,98.80188125651267,-2.88752502605071,"[97.94, 98.11, 98.25, 98.1, 98.0]"
0.8,5,11,102.34797294679369,99.65999458935875,-2.687978357434943,"[99.5, 98.54, 98.4, 99.45, 99.05]"
0.8,5,12,99.95418525121615,99.77803705024324,-0.17614820097290362,"[100.5, 99.12, 98.5, 100.6, 99.95]"
0.8,5,13,98.15487902893577,99.21177580578716,1.0568967768513886,"[99.95, 99.43, 98.6, 99.6, 99.8]"
0.8,5,14,101.44806688035544,99.5232133760711,-1.9248535042843429,"[99.45, 99.16, 98.65, 98.75, 99.2]"
0.8,5,15,101.96245527654105,99.9652910553082,-1.9971642212328504,"[99.8, 99.46, 98.75, 99.7, 99.62]"
0.8,5,16,98.58922376103189,99.56904475220638,0.979820991174492,"[100.2, 99.82, 98.85, 100.5, 99.7]"
0.8,5,17,98.52280451443247,99.24856090288651,0.7257563884540446,"[99.7, 99.6, 98.9, 99.3, 99.65]"
0.8,5,18,96.35348070331077,98.51549614066215,2.1620154373513856,"[98.93, 99.38, 98.87, 99.0, 99.1]"
0.8,5,19,95.24359407551464,97.69991881510293,2.456324739588297,"[97.8, 98.94, 98.78, 97.75, 98.3]"
0.8,5,20,94.41289293050808,96.94657858610162,2.533685655593544,"[97.05, 98.35, 98.65, 96.8, 97.05]"
0.8,5,21,93.16865767074762,96.19373153414952,3.0250738634019,"[96.25, 97.53, 98.5, 96.22, 96.25]"
0.8,5,22,94.2997881849238,95.89515763698478,1.5953694520609787,"[95.44, 96.73, 98.4, 95.45, 95.45]"
0.8,5,23,94.27511132665643,95.80062226533128,1.5255109386748558,"[95.25, 96.36, 98.2, 95.7, 95.4]"
0.8,5,24,93.26347935996071,95.68469587199213,2.421216512031421,"[95.55, 96.15, 98.2, 95.85, 95.7]"
0.8,5,25,94.12478061988132,95.71935612397627,1.5945755040949479,"[95.55, 95.89, 98.0, 95.6, 95.55]"
0.8,5,26,95.79576348717502,96.09035269743502,0.29458921025999985,"[95.5, 95.79, 98.0, 95.78, 95.75]"
0.8,5,27,92.79177404425816,95.85275480885163,3.0609807645934666,"[96.4, 95.99, 97.9, 96.5, 96.3]"
0.8,5,28,92.4089089836259,95.42098179672517,3.012072813099266,"[95.6, 96.02, 97.9, 95.65, 95.7]"
0.8,5,29,90.7046337391474,94.68972674782947,3.985093008682071,"[95.1, 95.58, 97.6, 94.95, 95.2]"
0.8,5,30,90.48149366933241,94.04029873386648,3.55880506453407,"[93.95, 95.15, 97.6, 93.75, 94.2]"
0.8,5,31,88.26617498947304,93.23723499789459,4.971060008421546,"[93.5, 94.6, 97.4, 93.45, 93.45]"
0.8,5,32,88.39105466040711,92.65901093208143,4.267956271674322,"[92.5, 93.8, 97.4, 92.43, 92.5]"
0.8,5,33,88.41247309749815,92.32409461949963,3.9116215220014823,"[92.08, 93.3, 97.1, 91.98, 92.05]"
0.8,5,34,87.96388240895661,91.96077648179133,3.9968940728347206,"[91.8, 92.7, 96.5, 92.05, 91.75]"
0.8,5,35,86.22565653117475,91.47713130623495,5.251474775060203,"[91.63, 92.35, 96.8, 91.62, 91.55]"
0.8,5,36,85.63070878890373,90.85574175778075,5.2250329688770165,"[90.95, 91.73, 96.3, 90.98, 90.85]"
0.8,5,37,83.86575689900204,90.13315137980041,6.267394480798373,"[90.2, 91.35, 96.5, 90.15, 90.3]"
0.8,5,38,81.7048377246638,89.13296754493275,7.42812982026895,"[89.55, 90.5, 96.0, 89.35, 89.55]"
0.8,5,39,82.15510032236631,88.50302006447326,6.347919742106953,"[88.2, 89.85, 96.0, 87.9, 88.5]"
0.8,5,40,80.43279003354665,87.83855800670933,7.405767973162682,"[87.7, 89.25, 95.8, 87.85, 87.85]"
0.8,6,1,102.23074876684133,100.44614975336826,-1.7845990134730698,"[100, 100, 100, 100, 100]"
0.8,6,2,106.03426824047796,101.56377345079021,-4.4704947896877485,"[100.44614975336826, 100.44614975336826, 100.44614975336826, 100.44614975336826, 100.44614975336826]"
0.8,6,3,100.85627568582095,101.82632576830603,0.9700500824850877,"[102.68139714821216, 101.29, 101.01, 102.68139714821216, 102.68139714821216]"
0.8,6,4,100.67899510689469,101.4172195152066,0.7382244083119076,"[102.08887808642287, 101.55, 101.3, 100.97, 102.1]"
0.8,6,5,102.84382519885402,101.5812610397708,-1.262564159083226,"[101.0081, 101.5, 101.32, 101.0, 101.5]"
0.8,6,6,105.7686766675794,102.44253533351588,-3.3261413340635215,"[101.745, 101.5, 101.41, 101.72, 101.68]"
0.8,6,7,107.2679791514763,103.48559583029525,-3.782383321181044,"[103.1, 102.1, 101.6, 103.35, 102.55]"
0.8,6,8,110.63898778468884,105.05739755693776,-5.581590227751079,"[104.5, 102.95, 101.95, 104.71, 104.2]"
0.8,6,9,111.39380220174642,106.5427604403493,-4.851041761397127,"[106.5, 104.3, 102.5, 107.15, 106.2]"
0.8,6,10,112.74143748875406,107.69708749775081,-5.044349991003244,"[108.0, 105.45, 102.9, 107.98, 107.85]"
0.8,6,11,113.25838335128775,108.56367667025754,-4.694706681030212,"[108.9, 106.9, 103.7, 108.65, 108.8]"
0.8,6,12,110.96275592158683,108.52055118431737,-2.4422047372694635,"[109.5, 107.6, 103.9, 109.15, 109.4]"
0.8,6,13,109.20884229674779,108.04976845934955,-1.159073837398239,"[108.9, 107.9, 104.5, 108.45, 109.05]"
0.8,6,14,110.15117256597536,107.76303451319508,-2.3881380527802776,"[107.58, 108.15, 104.8, 107.5, 107.8]"
0.8,6,15,108.98931112356843,107.4506622247137,-1.5386488988547313,"[107.45, 107.95, 104.9, 107.58, 107.45]"
0.8,6,16,111.90841816706165,107.83768363341234,-4.070734533649315,"[107.14, 107.72, 104.9, 107.14, 107.2]"
0.8,6,17,114.95360058031164,108.96672011606232,-5.9868804642493245,"[108.1, 107.9, 105.3, 108.1, 107.95]"
0.8,6,18,119.28365360768366,110.77673072153675,-8.50692288614691,"[109.8, 108.5, 105.6, 110.1, 109.25]"
0.8,6,19,119.3407472684061,112.30014945368123,-7.040597814724876,"[112.5, 109.7, 106.0, 112.8, 111.7]"
0.8,6,20,122.81228100253269,113.90645620050653,-8.90582480202616,"[113.8, 111.2, 106.2, 113.7, 113.5]"
0.8,6,21,120.72800902367084,114.64160180473417,-6.086407218936671,"[115.5, 112.5, 106.8, 115.55, 115.25]"
0.8,6,22,118.89180305135517,114.41836061027104,-4.473442441084131,"[115.4, 113.4, 107.2, 115.2, 115.3]"
0.8,6,23,119.20443050327168,114.08888610065432,-5.11554440261736,"[114.2, 113.75, 107.2, 114.2, 114.7]"
0.8,6,24,119.99721561713224,114.13224312342646,-5.864972493705778,"[113.75, 114.18, 107.8, 113.7, 113.9]"
0.8,6,25,116.33672325119531,113.68814465023905,-2.648578600956256,"[114.25, 114.18, 108.2, 114.2, 114.3]"
0.8,6,26,112.49112042944427,112.50462408588885,0.013503656444584067,"[113.45, 113.94, 108.4, 113.3, 113.45]"
0.8,6,27,113.40617658797805,111.60923531759562,-1.7969412703824332,"[111.6, 113.15, 108.5, 111.1, 111.45]"
0.8,6,28,111.57891468922048,110.7957829378441,-0.7831317513763878,"[110.7, 112.25, 108.4, 110.85, 110.8]"
0.8,6,29,114.42267149476788,110.91973429895359,-3.5029371958142974,"[109.95, 111.67, 108.6, 110.1, 109.9]"
0.8,6,30,115.44453066875388,111.45690613375076,-3.987624535003121,"[110.3, 111.4, 108.6, 111.2, 110.8]"
0.8,6,31,116.27218358945612,112.20003671789122,-4.072146871564897,"[111.8, 111.46, 108.8, 112.05, 111.8]"
0.8,6,32,116.87473326739638,112.87894665347928,-3.9957866139171045,"[112.9, 111.8, 109.0, 112.9, 112.8]"
0.8,6,33,119.10580398995555,113.7699607979911,-5.335843191964443,"[113.5, 112.5, 109.2, 113.53, 113.45]"
0.8,6,34,118.86058888147097,114.3321177762942,-4.528471105176777,"[114.6, 113.15, 109.3, 114.6, 114.35]"
0.8,6,35,121.59111557176003,115.15502311435199,-6.436092457408037,"[114.9, 113.63, 109.5, 114.9, 114.8]"
0.8,6,36,120.43926701956227,115.52785340391245,-4.9114136156498205,"[115.8, 114.4, 109.5, 115.9, 115.9]"
0.8,6,37,120.0184718948843,115.65969437897687,-4.358777515907434,"[116.1, 114.9, 110.0, 115.8, 116.05]"
0.8,6,38,118.514528861714,115.4101057723428,-3.1044230893711955,"[116.1, 115.25, 110.2, 115.72, 115.9]"
0.8,6,39,120.05966134814061,115.41993226962813,-4.639729078512474,"[115.7, 115.05, 110.2, 115.15, 115.2]"
0.8,6,40,120.26606323379646,115.59881264675931,-4.667250587037145,"[115.6, 115.43, 110.2, 115.43, 115.5]"
0.8,7,1,100.10251281521916,100.02050256304383,-0.08201025217532276,"[100, 100, 100, 100, 100]"
0.8,7,2,100.80315954166508,100.17703354868107,-0.6261259929840151,"[100.02050256304383, 100.02050256304383, 100.0205, 100.02050256304383, 100.02050256304383]"
0.8,7,3,100.35229477542917,100.26898128057677,-0.0833134948524048,"[100.3336, 100.14, 100.1, 100.3336, 100.33356453431831]"
0.8,7,4,98.67929091390846,99.95776218278168,1.2784712688732185,"[100.3609, 100.22, 100.16, 100.296, 100.35]"
0.8,7,5,97.88386160319668,99.48693232063934,1.6030707174426624,"[99.6465, 100.032, 100.11, 99.65, 100.0]"
0.8,7,6,96.05767181075333,98.66913436215067,2.611462551397338,"[99.02, 99.73, 99.9, 98.86, 99.1]"
0.8,7,7,96.26950780949738,98.00110156189947,1.731593752402091,"[97.85, 98.95, 99.6, 97.62, 98.15]"
0.8,7,8,98.98377383874679,98.22395476774936,-0.7598190709974233,"[97.35, 98.64, 99.4, 97.48, 97.3]"
0.8,7,9,98.11220823924421,98.49124164784882,0.379033408604613,"[98.45, 98.48, 99.2, 98.45, 98.35]"
0.8,7,10,96.99915893719948,98.42703178743992,1.4278728502404334,"[98.76, 98.53, 99.15, 98.8, 98.68]"
0.8,7,11,98.05211751817751,98.43282350363552,0.3807059854580075,"[98.35, 98.39, 99.1, 98.35, 98.45]"
0.8,7,12,98.85329564133647,98.59625912826729,-0.2570365130691812,"[98.46, 98.37, 99.0, 98.4, 98.43]"
0.8,7,13,99.16103788292212,98.80340757658443,-0.35763030633768267,"[98.7, 98.52, 99.0, 98.7, 98.65]"
0.8,7,14,97.43015993446934,98.62203198689387,1.1918720524245288,"[98.92, 98.68, 99.0, 99.05, 98.95]"
0.8,7,15,97.47059828922575,98.39171965784516,0.92112136861941,"[98.44, 98.59, 98.95, 98.45, 98.68]"
0.8,7,16,98.93438379155063,98.50367675831012,-0.43070703324050896,"[98.2, 98.48, 98.9, 98.15, 98.25]"
0.8,7,17,96.40639614450534,98.18367922890107,1.7772830843957337,"[98.58, 98.54, 98.9, 98.56, 98.56]"
0.8,7,18,95.62365572225119,97.72313114445025,2.0994754221990632,"[98.05, 98.34, 98.85, 97.85, 98.15]"
0.8,7,19,92.14798150672213,96.64559630134443,4.497614794622294,"[97.35, 98.05, 98.7, 97.2, 97.55]"
0.8,7,20,89.89164716523487,95.29032943304698,5.398682267812106,"[95.8, 97.3, 98.5, 95.3, 96.3]"
0.8,7,21,86.72743969858602,93.5774879397172,6.8500482411311765,"[94.2, 96.1, 98.2, 93.65, 94.3]"
0.8,7,22,86.40698360216622,92.10219672043323,5.695213118267006,"[91.8, 94.53, 98.1, 91.5, 91.7]"
0.8,7,23,84.32847347695457,90.94409469539092,6.615621218436345,"[90.6, 93.29, 97.8, 90.7, 90.6]"
0.8,7,24,84.87205259204676,90.33441051840934,5.462357926362586,"[89.8, 91.8, 97.4, 89.95, 89.55]"
0.8,7,25,85.22372696349068,89.44794539269813,4.224218429207454,"[89.1, 90.97, 93.0, 89.95, 89.5]"
0.8,7,26,84.99065095358596,89.38213019071719,4.391479237131236,"[88.6, 90.3, 96.5, 88.55, 88.45]"
0.8,7,27,80.8993724917874,88.65187449835749,7.752502006570083,"[88.7, 89.8, 96.0, 89.55, 88.9]"
0.8,7,28,80.11252505086837,87.79370501017368,7.681179959305311,"[87.83, 89.09, 95.8, 87.9, 87.95]"
0.8,7,29,80.11492694785612,87.21498538957123,7.100058441715106,"[86.95, 88.35, 95.8, 86.85, 87.0]"
0.8,7,30,80.37702449336855,86.9554048986737,6.578380405305154,"[86.6, 87.6, 95.5, 86.7, 86.6]"
0.8,7,31,78.03251938745412,86.32170387749083,8.289184490036718,"[86.6, 87.37, 94.8, 86.8, 86.4]"
0.8,7,32,77.36779351228017,85.59995870245604,8.232165190175863,"[85.7, 86.64, 94.5, 85.75, 85.7]"
0.8,7,33,75.94430236154115,84.74886047230821,8.804558110767061,"[84.8, 86.1, 94.0, 84.9, 84.95]"
0.8,7,34,74.8004172488485,83.9552834497697,9.154866200921191,"[83.85, 85.17, 94.3, 83.85, 84.05]"
0.8,7,35,76.4809305288429,83.78418610576858,7.303255576925679,"[83.2, 84.6, 93.8, 83.2, 83.25]"
0.8,7,36,75.33092507928669,83.53018501585733,8.199259936570641,"[83.25, 84.15, 93.5, 83.65, 83.35]"
0.8,7,37,75.35726280510916,83.27145256102183,7.914189755912673,"[83.1, 83.85, 92.7, 83.35, 83.25]"
0.8,7,38,76.77876506468851,83.45175301293769,6.6729879482491725,"[83.02, 83.55, 93.0, 83.01, 83.02]"
0.8,7,39,75.96373814198488,83.51754762839698,7.553809486412106,"[83.6, 83.48, 93.0, 83.65, 83.3]"
0.8,7,40,75.87005374415253,83.35161074883051,7.481557004677981,"[83.6, 83.63, 91.8, 83.48, 83.6]"
0.8,8,1,96.67983585517935,99.33596717103586,2.6561313158565127,"[100, 100, 100, 100, 100]"
0.8,8,2,94.22372448493383,98.31351863381545,4.089794148881623,"[99.33596717103586, 99.33596717103586, 99.33596717103586, 99.33596717103586, 99.33596717103586]"
0.8,8,3,91.78509016968498,96.61993168030261,4.834841510617636,"[97.29107009659504, 98.57, 98.7, 97.29107009659504, 97.29107009659504]"
0.8,8,4,91.23307769598829,94.97301553919765,3.7399378432093613,"[94.93, 97.35, 97.8, 94.26, 95.2]"
0.8,8,5,87.19664834482937,93.14652966896585,5.949881324136484,"[93.45, 95.8, 97.2, 93.37, 93.35]"
0.8,8,6,86.9547570813062,91.71895141626123,4.764194334955036,"[91.55, 94.15, 96.2, 91.25, 91.4]"
0.8,8,7,85.3912268377344,90.51024536754687,5.119018529812479,"[90.2, 92.8, 95.3, 90.45, 90.2]"
0.8,8,8,87.01803264677032,90.14600652935408,3.1279738825837597,"[89.3, 91.95, 94.5, 89.6, 89.29]"
0.8,8,9,88.78807174063353,90.4456143481267,1.6575426074931698,"[89.7, 90.75, 94.1, 89.95, 89.8]"
0.8,8,10,91.386473787527,91.2612947575054,-0.1251790300215987,"[90.75, 90.75, 93.2, 90.75, 90.7]"
0.8,8,11,92.89286878247428,92.33057375649486,-0.5622950259794237,"[92.1, 91.0, 93.6, 92.15, 92.1]"
0.8,8,12,92.88724005620318,93.01744801124063,0.13020795503744864,"[93.4, 91.7, 93.5, 93.45, 93.2]"
0.8,8,13,94.59287582126319,93.56337516425265,-1.0295006570105443,"[93.7, 92.23, 93.4, 93.6, 93.6]"
0.8,8,14,97.58187682480255,94.45877536496052,-3.123101459842033,"[94.1, 92.84, 93.5, 93.95, 94.0]"
0.8,8,15,96.41096088100662,95.01819217620132,-1.3927687048052917,"[95.35, 93.7, 93.7, 95.35, 95.25]"
0.8,8,16,97.69270805218179,95.53854161043635,-2.1541664417454314,"[95.6, 94.35, 93.9, 95.55, 95.6]"
0.8,8,17,97.70702337313293,95.86940467462658,-1.837618698506347,"[96.1, 95.05, 94.0, 95.95, 95.95]"
0.8,8,18,100.66254439087038,96.65250887817407,-4.010035512696305,"[96.4, 95.45, 94.1, 96.15, 96.15]"
0.8,8,19,99.09072827810606,96.97014565562121,-2.1205826224848465,"[97.35, 96.1, 94.3, 97.25, 97.2]"
0.8,8,20,98.59346145002758,97.0050922900055,-1.5883691600220686,"[97.45, 96.49, 94.5, 97.25, 97.35]"
0.8,8,21,99.40990110248961,97.08998022049792,-2.319920881991692,"[97.2, 96.7, 94.6, 96.95, 97.1]"
0.8,8,22,100.02437664374105,97.30247532874822,-2.7219013149928344,"[97.17, 96.98, 94.7, 97.11, 97.15]"
0.8,8,23,96.89471372338242,96.91494274467648,0.020229021294056793,"[97.5, 97.15, 94.9, 97.6, 97.45]"
0.8,8,24,97.69282019961067,96.67136403992214,-1.021456159688526,"[96.6, 96.96, 94.92, 96.6, 97.0]"
0.8,8,25,97.55907716257146,96.52781543251429,-1.0312617300571674,"[96.45, 96.83, 95.0, 96.57, 96.5]"
0.8,8,26,97.18954628172551,96.3723092563451,-0.8172370253804075,"[96.35, 96.72, 95.0, 96.42, 96.35]"
0.8,8,27,96.98507725153304,96.21461545030661,-0.7704618012264319,"[96.2, 96.47, 95.0, 96.22, 96.22]"
0.8,8,28,97.50820789531265,96.24244157906253,-1.2657663162501223,"[96.06, 96.35, 95.1, 96.06, 96.06]"
0.8,8,29,94.12358424386898,95.64231684877379,1.5187326049048124,"[96.2, 96.33, 95.1, 96.28, 96.2]"
0.8,8,30,97.18904274324841,95.73380854864965,-1.4552341945987592,"[95.3, 95.9, 95.1, 95.2, 95.35]"
0.8,8,31,95.62450758230092,95.63210151646018,0.0075939341592601295,"[95.6, 95.95, 95.2, 95.82, 95.6]"
0.8,8,32,91.52405057008633,94.70481011401726,3.1807595439309324,"[95.49, 95.76, 95.15, 95.6, 95.5]"
0.8,8,33,91.4655405765407,93.86270811530815,2.397167538767448,"[94.0, 95.06, 95.05, 93.85, 94.35]"
0.8,8,34,94.26518279121152,93.78583655824231,-0.4793462329692062,"[93.0, 94.4, 94.9, 92.98, 93.05]"
0.8,8,35,93.38585464379355,93.74117092875872,0.35531628496516987,"[93.2, 94.25, 94.8, 93.7, 93.2]"
0.8,8,36,96.42498967086873,94.43059793417375,-1.994391736694979,"[93.65, 93.95, 94.8, 93.71, 93.55]"
0.8,8,37,99.57431372412277,95.66526274482455,-3.909050979298229,"[94.9, 94.19, 94.8, 94.95, 94.6]"
0.8,8,38,97.96885270896802,96.40977054179362,-1.5590821671743953,"[96.7, 95.2, 95.0, 96.85, 96.35]"
0.8,8,39,93.34918901218566,95.74983780243713,2.4006487902514664,"[97.15, 95.6, 95.2, 96.85, 96.95]"
0.8,8,40,91.16249078344345,94.4804981566887,3.3180073732452513,"[95.1, 95.8, 95.1, 95.05, 95.5]"
